This Year,Name,Image,Type,Edible,Description,Location,Sowing month,Indoor seed,Date sown,Outdoor seed,Planting out month,Planting out instruction,Sowing Instructions,Pruning month,Pruning Instructions,Harvest month,Flowering,Preferences,Soil Preference,Care Instructions,Common problems,Good for pollinators,Link to Useful Website,Archived
Yes,Alyssum Carpet of snow,Our%20garden%2093e00b18daa6406bb774d7fac429385d/IMG_9302.jpg,Flowers,No,,"Pot - outdoors, Seed pack","April, March, May",No,,Yes,,,"Sow Outdoor In a prepared seed bed in flowering.Sow thinly in rows 15cm apart. Cover with 0.5cm fine soil When large enough thin to 15cm apart
Firm gently and keep moist Seedlings appear 14-28 days",,,,"August, July, June, October, September",,,"Keep moist and weed free.
Trim plants as flowers fade for a second flush of blooms.",,Yes,,No
Yes,Aubergine Alexandra,Our%20garden%2093e00b18daa6406bb774d7fac429385d/IMG_7285.jpg,Vegetable,Yes,"Solanum melongena L.
Semi-early eggplant variety. It has oblong, pyriform fruits, dark purple to glossy black, weighing between 200-300 g. Recommended for cultivation in the open field. Vegetation period: 80-90 days, medium early.","Seed pack, Seed tray - indoors",March,Yes,"January 7, 2024",No,May,70-80x40-45 cm,,,,"August, July, September",,,,,,No,,No
No,Aubergine Black Beauty,"Our%20garden%2093e00b18daa6406bb774d7fac429385d/IMG_7291.jpg, Our%20garden%2093e00b18daa6406bb774d7fac429385d/IMG_7292.jpg",Vegetable,Yes,"A heavy cropper, noted for its reliability in the greenhouse and outside in full sun. Sturdy plants produce a heavy crop of pear-shaped fruits with a high sheen to their skins. The large purple-black fruits are ready to crop in as little as 78 days from sowing, providing a constant crop right through to autumn. Germination: 10-14 days (65-70°F) Plant height: 60cm (24in)","Seed pack, Seed tray - indoors","April, February, March",Yes,"January 7, 2024",No,May,"When the seedlings are large enough to handle, carefully transplant them into 7.5cm (3in) pots and grow on at a slightly reduced temperature. When all risk of frost is passed and the soil is warm, harden off and plant in their final positions. For indoor cultivation, pot on into larger containers or plant 2 per growbag. Outdoors, plant in rich fertile soil at a distance of 90cm (3ft) apart, in rows spaced 90-120cm (3-4ft) apart. Planting through black polythene mulch will help to warm the soil, control weeds and save moisture.","Soak seeds in warm water for 24 hours before sowing will assist germination. Sow seeds on the surface of a free-draining, moist seed compost and cover with 6mm (1/4in) layer of vermiculite or compost. Place in a propagator or seal the container inside a polythene bag at constant temperature of 18-21°C (65-70°F) until after germination",,,,,Full sun,Wet,Support plants with canes and remove sideshoots for the best yields. Never allow soils/compost to dry out and feed regularly once the first truss has set.,,No,,No
Yes,Beetroot burpees golden,"Our%20garden%2093e00b18daa6406bb774d7fac429385d/IMG_7341.jpg, Our%20garden%2093e00b18daa6406bb774d7fac429385d/IMG_7342.jpg","Annual, Vegetable",Yes,A mild tasty variety which remains tender. The orange roots turn golden-yellow when cooked and have a wonderful flavour and texture.,Seed pack,"April, July, June, May",No,,Yes,,,"In a prepared seed bed
Sow thinly in rows 30cm apart
Cover with 2.5cm of fine soil
Firm gently and keep moist
Seedlings appear 7-21 days
For continuous crops sow every 2-3
weeks",,,"August, July, June, October, September",,,"Well drained, Wet","When large enough thin to 10cm apart
Keep moist and weed free",,No,,No
Yes,Beetroot Detroit,Our%20garden%2093e00b18daa6406bb774d7fac429385d/IMG_9318.jpg,Vegetable,Yes,"Reliable performer
Deep, dark red colour Outstanding beet for over 100 years",Seed pack,"April, July, June, May",No,,No,,,"Sow seeds thinly, about 2cm (1in) apart in pre watered shallow rows, and cover with a little soil. Allow about 30cm (12in) between rows.",,,"August, July, October, September",,,,"Growing Tips
Supplied as multigerm seeds, several plants in one seed. Use thinnings as baby leaf salad. When harvesting beet, twist the tops off the roots rather than cutting them. This prevents bleeding.",,No,,No
Yes,Begonia Cascading mix,Our%20garden%2093e00b18daa6406bb774d7fac429385d/IMG_9501_(1).jpg,"Annual, Flowers",No,"Suitable for flower beds, borders, containers on the patio and balcony. Also suitable as a houseplant.",Seed pack,April,No,,Yes,,,"Plant outdoors, hollow part uppermost, when all danger of frost has passed. Keep the soil moist and remove faded flowers. At the end of the season, lift the tubers, cut the stems off just above the tubers and store in a dry soil at 4-10 degrees.",,,,"August, July, November, October, September",,,,,Yes,,No
Yes,Bell Pepper Artim,"Our%20garden%2093e00b18daa6406bb774d7fac429385d/IMG_7333.jpg, Our%20garden%2093e00b18daa6406bb774d7fac429385d/IMG_7334.jpg","Annual, Vegetable",Yes,,"Seed pack, Seed tray - indoors",March,Yes,"January 7, 2024",No,,,"Plante de vigoare medie. Fructele sunt conice, rotunjite la vårf, de culoare galben ceruit, cu coacere in rosu intens
la maturitatea fiziologicä. Potential de productie ridicat.",May,,"August, July, October, September",,Full sun,"Well drained, Wet",,,No,,No
Yes,Bell Pepper Daciana F1,"Our%20garden%2093e00b18daa6406bb774d7fac429385d/IMG_7345.jpg, Our%20garden%2093e00b18daa6406bb774d7fac429385d/IMG_7346.jpg","Annual, Vegetable",Yes,"Blocky bell pepper hybrid with indeterminate growth.
The fruits are large, yellowish-green in color and have weight
average of 140-180 g. Recommended for field or protected space.","Seed pack, Seed tray - indoors",March,Yes,"January 7, 2024",No,May,,,,,"August, July, October, September",,,,,,No,,No
No,Bell Pepper Sweet Californian wonder,Our%20garden%2093e00b18daa6406bb774d7fac429385d/IMG_9365.jpg,Vegetable,Yes,"Capsicum annuum
A thick pendula sweet pepper. Great in cooking or raw in
salads. Continuous flowering over a long period.","Seed pack, Seed tray - indoors","April, March",No,"January 7, 2024",No,,"Once all chance of frost has passed the plants can be transplanted into growing beds or patio tubs outside, harden off first.","Indoor Planting:
Sow seeds 5mm deep in pots or trays of moist compost, store in a warm place at an approx. temperature of 18-21°c (65-70°f).",,,July,,"Full sun, Pot",,"These plants do best in very mild conditions, therefore, it would be better to keep them in a greenhouse or indoors.",,No,,No
Yes,Bell Pepper Vlad gogosar,"Our%20garden%2093e00b18daa6406bb774d7fac429385d/IMG_7335.jpg, Our%20garden%2093e00b18daa6406bb774d7fac429385d/IMG_7336.jpg","Annual, Vegetable",Yes,"Perioada de vegetatie: 140-145 zile. Fructe mari,
cu suprafata netedå 5i 4-5 loji seminale. Pulpa
este groasä. Culoare verde tnchis la inceput,
rosie la maturitate. Soi productiv.","Seed pack, Seed tray - indoors",January,Yes,"January 7, 2024",No,May,,,,,"August, October, September",,Full sun,"Well drained, Wet",,,No,,No
Yes,Broad Bean Aquadulce Claudia,"Our%20garden%2093e00b18daa6406bb774d7fac429385d/IMG_7355.jpg, Our%20garden%2093e00b18daa6406bb774d7fac429385d/IMG_7356.jpg","Annual, Vegetable",Yes,,Rear - raised bed,"December, January, November",No,"November 28, 2023",Yes,,,"Sow outdoors, where they are to crop,
5 cm deep, directly into finely-prepared,
well-cultivated, fertile soil, which has already
been watered. To make the best use of space,
sow seeds 23 cm apart, in a wide row
in a zigzag pattern, leaving a space
of 60 cm between each row. Sow a few
extra seeds at the end of the rows to fill
in any gaps produced by seeds that don't germinate-
Seedlings will usually appear after 10 - 18 days.",,,"July, June",,Full sun,"Well drained, Wet",,,No,,No
No,"Broccoli Autumn Calabrese
",Our%20garden%2093e00b18daa6406bb774d7fac429385d/IMG_9275.jpg,Vegetable,Yes,"(Brassica oleracea var. cymosa)
A quick growing variety, producing mild flavoured large green heads. Ideal for freezing.",Seed pack,"April, March, May",Yes,,No,"July, June","              ","Sow seeds 1.5cm deep in trays of moist compost, be careful not to over-water. Store in glass house. Plant out in desired location in June - July.",,,"August, September",,,,,,Yes,,No
Yes,Broccoli CALABRESE Ironman F1 Hybrid,"Our%20garden%2093e00b18daa6406bb774d7fac429385d/IMG_7289.jpg, Our%20garden%2093e00b18daa6406bb774d7fac429385d/IMG_7290.jpg",Vegetable,Yes,"Sow regularly through Feb-June for full-season use Consistent head quality and uniformity
A quick-cropper ready to harvest in as little as 75 days after transplanting. Calabrese Ironman F1 shows good tolerance to hollow stem and resistance to bolting. Suitable for closer spacing for baby head production, or simply because growing space is tight.",Seed pack,"April, June, March, May",Yes,,No,"April, June, May","Choose a sheltered position in firm, rich fertile, well drained soil in full sun. Prepare the soil in early spring by adding plenty of well rotted farmyard manure to the soil to improve its structure and fertility. Take care when transplanting Calabrese as it resents root disturbance. Plant Calabrese at a distance of 45cm x 45cm for full sized hearts, 30cm x 30cm for 'baby' hearts at closer spacing, and cover with a protective netting or fleece to prevent attack from birds and insects. Water the plants thoroughly after planting.",Sow seeds in a well-prepared seed bed from February to June at a depth of 13mm (1/2in) and spaced 30cm (12in) apart. Transplant to their final positions around 5 weeks later when the seedlings have four or five leaves.,,,"August, July, November, October, September",,Full sun,,,,No,,No
Yes,Broccoli clared f1,"Our%20garden%2093e00b18daa6406bb774d7fac429385d/IMG_7287.jpg, Our%20garden%2093e00b18daa6406bb774d7fac429385d/IMG_7288.jpg",Vegetable,Yes,"An extremely vigorous and heavy cropping variety with great tasting large and tender shoots. Plants go on to produce many side shoots, giving a long harvest period.",Seed pack,"April, March, May",Yes,,No,June,When large enough to handle transplant 5cm apart in trays of compost Stand outside for a few days late May (avoid frosts). Transplant in June to final position with 60cm between plants and rows,"Sow thinly, cover with 1.5cm of compost. Firm gently and keep moist Keep at approx. 13°C. Seedlings appear 7-21 days",,,"April, June, March, May",,,,When harvesting Cut shoots when 10-15cm long Pick young shoots regularly to encourage further cropping,,No,,No
No,Broccoli Early purple sprouting,Our%20garden%2093e00b18daa6406bb774d7fac429385d/IMG_9310.jpg,Vegetable,Yes,"Brassica oleraces
An easy to grow variety, producing lots of purple heads with an excellent flavour during late winter/early spring. The heads will turn green when cooked. Broccoli is high in Vitamin A and C and a good source of iron.",Seed pack,"April, March, May",Yes,,No,"April, June, May",hen the plants are 4-6 weeks old plant out in desired location. Harden off first. Harvest by snapping off the flowering shoots before the flowers open.,"Indoor Planting:
Sow seeds 1.5cm deep in trays of moist compost, be careful not to over-water.",,,"April, March",,,"Well drained, Wet","Keep the soil moist, and be careful not to over-water.",,No,,No
Yes,Brussels Sprout Brodie F1,"Our%20garden%2093e00b18daa6406bb774d7fac429385d/IMG_7301.jpg, Our%20garden%2093e00b18daa6406bb774d7fac429385d/IMG_7302.jpg",Vegetable,Yes,"The mildest and sweetest Christmas sprout
• So tasty, with no bitterness, that even the kids will love them!
• Add bacon & chopped chestnuts for extra crunch and flavour
After years of trialling and tasting, has Thompson & Morgan found a replacement for our long-standing customer favourite 'Trafalgar? Very round, well spaced, 38mm buttons of mild flavour with a much reduced
mustard oil aftertaste. Later forming buttons into the New Year can be slightly larger (45mm), but maintain their perfect quality.",Seed pack,April,Yes,,No,,"GROWING INSTRUCTIONS: Transplant when large enough to handle into well prepared, firm soil allowing 75cm (30in) between plants each way. Plant firmly to
reduce risk of poor quality buttons and plants leaning over. Water until established. Earth up the soil around plants as necessary to increase stability. Remove yellowing leaves to improve air circulation and reduce disease risks. Pick lowest sprouts first and
work up the stem.","SOWING INSTRUCTIONS: Sow in individual pots or a seed compost and cover with 6mm (1/4in) of compost or vermiculite, at a minimum of 15C, until germination which usually takes around 7 days. Alternatively, can be sown thinly in a prepared seedbed 13mm deep, allowing 30cm between rows.",,,"December, February, January, November",,Full sun,,,,No,,No
Yes,Cabbage Cabbice F1,"Our%20garden%2093e00b18daa6406bb774d7fac429385d/IMG_7475.jpg, Our%20garden%2093e00b18daa6406bb774d7fac429385d/IMG_7476.jpg","Annual, Vegetable",Yes,"A super sweet variety producing crunchy, round
heads approx. 2kg in size. The unique flavour lends
itself well to salads, as well as more traditional dishes.",Seed pack,"April, February, March",Yes,,No,," Transplant to final position
45cm a art. Firm in well","In trays of seed compost
Sow thinly, cover with a fine layer of
compost. Firm gently and keep moist
Cover with glass, polythene or propagator
lid. Keep at approx. 130C
Seedlings appear 7-21 days
Remove cover when seedlings appear
When large enough transplant 5cm apart
in trays. Stand outside for a few days to
acclimatise.",,,"August, July, June, May",,Part shade,Wet,"Avoid diseases such as club root by
rotating Brassica crops yearly",,No,,No
No,Cabbage Offenham (flower of spring),Our%20garden%2093e00b18daa6406bb774d7fac429385d/IMG_9304.jpg,Vegetable,Yes,"Brassica oleracea Capitata
A very popular and reliable variety with good flavour. The dark green heads are suitable for use as tasty 'greens' or as a 'hearted' spring cabbage.",Seed pack,"August, July",No,,No,,,"In a prepared seed bed. How Sow thinly in rows 25cm apart
Cover lightly with 1.5cm of fine soil. When 5-6 leaves have formed, transplant to final position 25cm apart for 'greens', or 45cm apart for hearted cabbages Firm in well and keep moist",,,"February, March",,,,,Avoid diseases such as club root by rotating crops yearly,No,,No
No,Cabbage Primo,Our%20garden%2093e00b18daa6406bb774d7fac429385d/IMG_9306.jpg,Vegetable,Yes,"Brassica oleracea Capitata
Compact plants that produce very firm and dense medium sized ball-headed cabbages through the summer. Has an excellent, mild flavour.",Seed pack,"February, March",Yes,,No,,Transplant to final position with 45cm between plants and rows.,"In trays of moist compost
Sow thinly, cover with a fine layer of compost and firm gently. Keep at approx.
13°C and keep moist
Seedlings appear 7-21 days When large enough to handle transplant
5cm apart in trays of compost Gradually acclimatise to outside conditions",,,"August, July, October, September",,,,,,No,,No
Yes,Cabbage ruby ball F1,"Our%20garden%2093e00b18daa6406bb774d7fac429385d/IMG_7477.jpg, Our%20garden%2093e00b18daa6406bb774d7fac429385d/IMG_7478.jpg",,,"Dense, solid, crunchy hearts
Sweet-flavoured, cooked or raw
Superb for long storage over winter
An early maturing, vigorous and uniform Red Cabbage with deep red, solid and compact heads. Their remarkable sweet flavour and high quality make them ideal for cooking as well as pickling.",,"April, May",Yes,,No,"June, May",,"Sow thinly in a well-prepared seedbed, 1 cm (1/2in)
deep, successionally, and plant out when large enough to handle allowing 38cm apart each way.
Alternatively seeds can be sown into containers under glass and transplanted into pots or trays when large enough to handle. These young plants can be
grown on in a cold frame until large enough for transplanting into their final positions.",,,"November, October, September",,Full sun,,,,No,,No
Yes,Calendula Art shades mix,Our%20garden%2093e00b18daa6406bb774d7fac429385d/IMG_9270.jpg,"Annual, Flowers",Yes,"An easy to grow annual for bedding and borders. The large, frilled blooms come in unusual shades ranging through apricot, orange, primrose and cream. Long-flowering for four months of summer colour, also makes a good cut flower. The petals can be used as a substitute for saffron, and in a variety of dishes where they make a bright and zesty addition. Excellent for bedding and borders
Large frilly flowers in golden colours from summer to autumn Will grow in any well-drained soil in full sun ",Seed pack,"April, March, May",No,,Yes,,,"Sow outdoors where they are to flower. Prepare the ground well and rake to a fine tilth before sowing. Sow 12mm (½/in) deep, in rows 30cm (12in) apart. When large enough to handle, thin out seedlings to
23-30cm (9-12in) apart.
FOR SPRING/SUMMER FLOWERING POT PLANTS: Sow in a cool greenhouse or conservatory in late summer/early autumn. Grow on through winter in cool, frost-free conditions in full light and water sparingly.
",,,,"August, September",Full sun,Well drained,,,No,,No
Yes,Calendula Indian prince,Our%20garden%2093e00b18daa6406bb774d7fac429385d/IMG_9325.jpg,"Annual, Flowers",Yes,Bold and eye-catching deep orange blooms with a rich mahogany red on the reverse of the petals. Long stems make it a perfect cut flower for indoor displays.,Seed pack,"April, August, June, March, May, September",No,,No,,,"Outdoor sowing Sow thinly in a prepared seed bed in flowering position, in rows 25cm (10in) apart. Cover lightly with 0.5cm (quarter inch) of fine soil, firm gently and keep moist. Seedlings usually appear in 7-21 days. Make 2-3 sowings for successive flowering.",,,,"August, July, June, May, October, September",Full sun,,When large enough thin to 23cm (9in) apart. Keep moist and weed free. Late sowings flower the following year.,,Yes,,No
No,Carrot Amsterdam Forcing,Our%20garden%2093e00b18daa6406bb774d7fac429385d/IMG_9367.jpg,Vegetable,Yes,"Daucus carota
An excellent easy to grow variety producing small, tasty roots. Very quick to mature and ideal for forcing.",Seed pack,"April, August, July, June, March, May",No,,No,,,"Outdoor Planting:
Sow seeds thinly 1.5cm deep direct in growing beds in rows 12"" (30cm) apart. Keep the soil moist, and be careful not to over-water. When large enough to handle thin to 4"" (10cm) apart.
For early crops, sow in a cold frame or under cloches during February and March.",,,"August, July, June, November, October, September",,,,The carrots will be more tender and tasty if harvested before maturity.,,No,,No
No,Carrot Early Nantes,Our%20garden%2093e00b18daa6406bb774d7fac429385d/IMG_9369.jpg,Vegetable,Yes,"Daucus carota
As its name suggests this is an early variety producing blunt ended carrots of excellent flavour. Ideal for freezing.",Seed pack,"April, March",No,,No,,,"Outdoor Planting:
Sow seeds thinly 1.5cm deep direct in growing bed in rows 12"" (30cm) apart. Keep the soil moist, and be careful not to over-water. When large enough to handle thin to 4"" (10cm) apart.
Ideal for successional sowing.",,,"July, June, May",,,,"The carrots will be more tender and tasty if harvested before maturity.
Keep well watered in dry conditions.",,No,,No
Yes,Carrot Flakker,Our%20garden%2093e00b18daa6406bb774d7fac429385d/IMG_9354.jpg,Vegetable,Yes,"Late, vegetation period 200-220 days. The dry matter content is high, so it is excellent for storage. The root is 23 cm long, 5 cm wide with a pointed end.",Seed pack,"April, March",No,,No,,,,,,"October, September",,,,,,No,,No
No,Cauliflower,Our%20garden%2093e00b18daa6406bb774d7fac429385d/06BEF191-BBF2-4619-A94E-BBEACD43FD19.jpeg,Vegetable,Yes,,Seed pack,"February, January, March",Yes,,No,April,Stand outside for a few days early April (avoid frosts),"For indoor sowing
When: January to March
Where: In trays of seed compost
How: Sow thinly, cover with a fine layer of compost. Firm gently and keep moist
Keep at approx. 13°C
Seedlings appear 14-28 days",,,"August, July, June, October, September",,,,"Care
Transplant to further trays if necessary
Stand outside for a few days early April (avoid frosts). Transplant to final position with 60cm between plants and rows
Firm in well and keep moist
When approx. 10cm tall transplant to final position with 60cm between plants and rows. Firm in well, keep moist and weed free
Harvest June to October
Tip: Protect early and late (overwinter) sowings with cloches",,No,,No
Yes,Cauliflower Depurple F1,"Our%20garden%2093e00b18daa6406bb774d7fac429385d/IMG_7388.jpg, Our%20garden%2093e00b18daa6406bb774d7fac429385d/IMG_7389.jpg","Annual, Vegetable",Yes,"Depurple retains its colour if steamed or lightly boiled,
and the tasty florets are also rich in antioxidants.",Seed pack,"April, March, May",Yes,,Yes,"June, May","Planting Out - Plant into the required harvest position
45cm apart with 45cm between each
row when plants have 3-4 true leaves.
October sowings can be overwintered
in a cold frame and planted out in
March for the earliest harvests.
Transplanting - When seedlings have produced
4 leaves, transplant them to their cropping position leaving 45cm between plants in rows 45cm apart.
Firm in and keep well watered in dry spells.","Sow Indoors-  Sow thinly, lcm deep in clean trays or
modules of firm, pre-watered compost.
Keep soil moist at all times.
Sow Outdoors - Sow thinly, lcm deep in a seed bed
or clean module trays of firm, pre-
watered compost. Keep soil moist at all
times. Thin to 10cm.",,,"August, July, October, September",,Part shade,Well drained,"Advice - Use netting to prevent damage from
Cabbage White Butterfly.",,No,,No
Yes,Cauliflower romanesco precoce,"Our%20garden%2093e00b18daa6406bb774d7fac429385d/IMG_7361.jpg, Our%20garden%2093e00b18daa6406bb774d7fac429385d/IMG_7362.jpg","Annual, Vegetable",Yes,Sometimes referred to as broccoli this unusual vegetable has a distinctive sweet nutty taste and is widely favoured by restaurant chefs.,Seed pack,"April, July, June, May",No,,Yes,,"When approx 10 cm transplant to final position with 60cm between plants and rows. firm in well, keep moist and weed free","In trays of seed compost. Sow thinly, cover with a fine layer of
compost. Firm gently and keep moist. Keep at approx 13C. Seedlings appear 14-28 days",,,"August, July, October, September",,Full sun,"Well drained, Wet","Protect curds from direct sunlight by
folding in the leaves",,No,,No
No,Celery Green Sleeves,Our%20garden%2093e00b18daa6406bb774d7fac429385d/IMG_9272.jpg,Vegetable,Yes,"Almost stringless pale green flesh, great crunch and flavour Easy to grow, stands well and is slow to bolt
•High in fibre",Seed pack,"April, March, May",Yes,,No,"June, May","Transplant seedlings 5cm (2"") apart to other trays when large enough to handle. (Always handle by a leaf, never by the stem.) Grow on in cooler, but not cold conditions.
Gradually accustom young plants to outside conditions (avoid frosts), before planting out 25cm (10"") apart. Allow 30cm (1) between rows. Water well","Sow indoors 0.5cm (½/4"") deep, in a tray of compost.
Water well and place in a cold frame, greenhouse or on a cool windowsill. A temperature of 15-20°C (60-68°F) is ideal. Keep moist. Seedlings usually appear in 14-21 days.",,,"August, November, October, September",,Full sun,Well drained,,,No,,No
Yes,Celery Tango f1,"Our%20garden%2093e00b18daa6406bb774d7fac429385d/IMG_7313.jpg, Our%20garden%2093e00b18daa6406bb774d7fac429385d/IMG_7314.jpg","Annual, Vegetable",Yes,"Excellent for use in soups and salads
Early maturing to extend the harvest season
Low maintenance and easy-to-grow.
A self-blanching variety with beautiful apple-green, smooth stems with good flavour and texture for that all important celery crunch. Good bolting resistance and stands well during hot weather for reliable crops.","Seed pack, Seed tray - indoors","April, March",Yes,"February 24, 2024",No,,"Transplant when seedlings are large enough
to handle into modules or small pots of compost and maintain a minimum temperature of 15C. Harden off and plant outside in well-prepared soil once all frost risk has passed allowing 30cm (15in) between each plant.
Plant in block formation to assist with self-blanching. It is essential to keep well watered for succulently flavoured, string-free stems.",SOWING INSTRUCTIONS: sow thinly in seed trays or pots of good seed compost at 15-20C. Sow on the surface of the firmed compost and cover with a very fine layer of vermiculite.,,,"August, November, October, September",,Full sun,Wet,,,No,,No
Yes,Chamomile,Our%20garden%2093e00b18daa6406bb774d7fac429385d/IMG_9321.jpg,"Flowers, Perennial",Yes,"CHAMAEMELUM NOBILE
Charming daisy like flowers over deliciously sweet smelling, fine foliage. Use flowers to make chamomile tea. Hardy perennial. Height up to 30cm.",Seed pack,"April, June, May",No,,No,,,"FOR OUTDOOR SOWING
Where In a prepared seed bed in a
When April to June sunny growing position How Sow thinly in rows 30cm apart, do not cover seeds.",,,"August, July, June, May, September",,,,"Keep moist Care When large enough to handle, thin
to 30cm apart Tip Cut back after flowering to promote new leaf growth To use as a tea, add 1 tsp of chopped fresh herbs per mug of boiled water, leave to brew for 3-5 minutes and strain",,No,,No
Yes,Chard Bright lights,Our%20garden%2093e00b18daa6406bb774d7fac429385d/IMG_9300.jpg,Vegetable,Yes,"Beta vulgaris
Up to 7 different colour stems which can be picked as baby leaf or full size. Steam leaves and stems separately and get two dishes for the price of one!",Seed pack,"April, July, June, May",No,,No,,,"Sow Outdoor In a prepared seed bed
with 2.5cm fine soil. Firm gently and keep moist. Seedlings appear 14-28 days. For continuous crops sow every 2-3 weeks",,,"August, July, November, October, September",,,Wet,"When large enough thin to 15cm apart Keep well watered to prevent bolting and weed free. Pick individual stems as required. For baby leaves, thin to only 7.5cm apart and cut leaves when 5-10cm tall. They will regrow for several cuts July to November. Through winter if given cloche protection. Provide a liquid feed every two weeks to
increase yields",,No,,No
Yes,Chilli pepper dwarf purple (romania),Our%20garden%2093e00b18daa6406bb774d7fac429385d/Purple_chillies.png,"Annual, Vegetable",Yes,Chilli pepper dwarf turns red when ripen.,"Seed pack, Seed tray - indoors","April, February, January, March",Yes,"January 7, 2024",No,,,,,,"August, July, October, September",,Full sun,"Well drained, Wet",,,No,,No
Yes,Chilli Pepper Jalapeno M,"Our%20garden%2093e00b18daa6406bb774d7fac429385d/IMG_7327.jpg, Our%20garden%2093e00b18daa6406bb774d7fac429385d/IMG_7322.jpg","Annual, Vegetable",Yes,"Mild and tasty flavour
Attractive bright green and red fruits
Widely known as the 'pizza pepper', this jalapeho is the most widely used
and popular selection. Dark green, turning bright red fruits are 8-10cm
long, thick-walled and slightly tapered with blunt ends. For use in a variety of
dishes - not just sliced on your favourite pizza!
","Seed pack, Seed tray - indoors","February, March",Yes,"January 7, 2024",No,June,"FOR INDOOR CROPS: Plant 2 plants per growbag or individually into 20cm 
pots or 2 litre pot. For optimum results grow under glass.
FOR OUTDOOR CROPS: Gradually acclimatise plants to outdoor conditions for 10-15 days before planting one plant per 20cm or 2 litre pot, or a larger
container on the patio. Plant in final position from early June when there is no
further risk of frost and protect from biting winds. Feed plants weekly with a high potash tomato fertiliser once first fruits have set.","Sow seed on the surface of a good, free-draining damp seed compost and cover with a fine sprinkling of compost or vermiculite. Place in a propagator or seal container in a polythene bag and keep at 25C until after germination which takes up to 14 days. Transplant seedlings when large enough to handle into 7.5cm (pots. Reduce temperature and maintain at 15C ",,,"August, July, October, September",,Full sun,"Well drained, Wet",,,No,,No
Yes,Chinese carnations,Our%20garden%2093e00b18daa6406bb774d7fac429385d/DIANTHUS_CHINENSIS_MIX.jpg,"Annual, Flowers",No,"A very variable species that is native to a vast area, from Europe into Asia. A short-lived herbaceous perennial, but plants bred from this species are often grown as annuals or biennials. Single flowers with fringed edges are typically pink, but can be white or red, often with a dark purple central ring or eye, held above green leaves",Seed pack,April,No,,No,,,"For best results, seeds are sown directly into the ground where required in the spring. Alternatively, sow in late winter/early spring in gentle warmth, 15-20 degrees C. Prick out into small 3 inch or 7 cm. pots and plant in final position when the plants are established.",,Deadhead regularly to prolong flowering. Lightly trim after flowering or in spring,,"August, July, June, May",Full sun,Well drained,Grow in a well-drained soil in a sunny position,May be susceptible to https://www.rhs.org.uk/disease/rust-diseases,No,,No
Yes,Chinese Lantern,Our%20garden%2093e00b18daa6406bb774d7fac429385d/IMG_9295.jpg,"Flowers, Perennial",No,Physalis alkekengi,"Seed pack, Seed tray - indoors","February, July, June, March, May",No,"February 24, 2024",No,,"Indoor Planting:
Sow the seeds 0.5cm deep in trays of moist compost, be careful not to over-water. Store in a warm, light place not in direct sunlight at an approx. temperature of 15-20°c (60-70°f).
Growing On:
Spacing 24"" / 60cm
When the seedlings are strong enough to handle they can be transplanted into bigger pots or trays. ","Sow Indoors
A wonderful decorative plant, with beautiful bright orange lantern shaped flowers. Popular in winter flower arrangements. Hardy Perennial.
Sow Outdoors May - July
Outdoor Planting:
Sow seeds 0.5cm deep in flowering location, thin to above spacings.
Any well drained soil will do. Thrives in a sunny position.",,,,"August, July, October, September",Full sun,Well drained,"Do not overcrowd the plants and keep in a warm, light position. Once all chance of frost has passed the plants can be transplanted direct into your desired location. Harden off first.",,No,,No
Yes,Chives,Our%20garden%2093e00b18daa6406bb774d7fac429385d/IMG_9498_(1).jpg,"Herb, Perennial",Yes,"Allium schoenoprasum
Can be grown in pots or even in the flower border. The mild onion flavour is ideal in salads or added to dairy sauces and all types of egg dishes.",Seed pack,"April, March, May",No,,Yes,,"Thin plants to further pots or trays if necessary. To grow outdoors, stand outside for a few days late in May (avoid frosts) plant out 20cm apart. To grow indoors, transplant to 15cm pots of compost, place in a light airy location. ","In pots or trays of moist compost. Sow thinly, cover lightly with compost and firm gently. Cover wirh clear glass, polythene or propagator lid. Keep at 15-20 degrees and keep moist. Seedlings appear 14-28 days. Remove cover when seedlings appear.",,,"August, July, June, May, November, October, September",,,,,,No,,No
Yes,Chives Garlic,"Our%20garden%2093e00b18daa6406bb774d7fac429385d/IMG_7317.jpg, Our%20garden%2093e00b18daa6406bb774d7fac429385d/IMG_7318.jpg",Herb,Yes,"Excellent in salads, stews, fish, egg or meat dishes
Easy for all to grow
A must have for the herb garden. 
Garlic chives differ from ordinary chives in having flat leaves and have a delicate mild garlic flavour. They can be used in the same way as chives and are excellent in salads, stews, fish, egg or meat dishes.",Seed pack,"April, June, March, May",Yes,,No,,"GROWING: Transplant seedlings into 7.5cm pots. Grow on in cooler conditions for a few days before planting out after all risk of frost has passed, 30cm apart.","WHERE TO SOW: Start off in a seed tray or pots indoors or direct outdoors once soil has
warmed.
PREPARATION: Indoors - fill a seed tray or pots with good, free-draining, seed compost.
SOWING: Sow seed on the surface of the compost and cover with a sprinkling of compost
or vermiculite. Place in a propagator or seal container inside a polythene bag and keep
at 20-25C until after germination which takes up to 21 days. Do not exclude light, as this helps germination. Can also be sown outdoors once the ground has warmed, 13mm deep, in rows 20cm (8in) apart",,,"August, September",,Full sun,,,,No,,No
Yes,Courgette Blanco de virginia 3,"Our%20garden%2093e00b18daa6406bb774d7fac429385d/IMG_7311.jpg, Our%20garden%2093e00b18daa6406bb774d7fac429385d/IMG_7312.jpg","Annual, Vegetable",Yes,Early bush-type variety with erect and compact habit. Elongated fruits up to 35 cm long in light green color. Very productive. Pale flesh has excellent flavor.,Seed pack,"April, February, June, March, May",Yes,,No,"April, June, March, May",Plant out from March - June at a distance of 40-50 cm,Sow indoors Feb- Mar and directly outdoors May -june. Keep a temperature of 12-14C,,,"August, July, June, September",,,,,,No,,No
Yes,Courgette defender hybrid,Our%20garden%2093e00b18daa6406bb774d7fac429385d/IMG_9337.jpg,Vegetable,Yes,"Twice the cropping power of other courgettes! The open habit of the plants also makes it easier to see the many solid, mid-green, heavy fruits. Crops well through the season without trouble, thanks to Cucumber Mosaic Virus resistance.
SERVING SUGGESTION: Use fresh courgette flowers stuffed with ricotta cheese or
rice and vegetables.",Seed pack,"April, May",Yes,,No,"June, May","GROWING INSTRUCTIONS: Gradually acclimatise to outdoor conditions for 10-15 days before planting out after all risk of frost, 60cm (24in) apart. Can also be sown direct outdoors once the soil has warmed. Sow 2 seeds every 60cm (24in) and thin out to the best seedling.","SOWING INSTRUCTIONS: Sow seed, 1cm (1/2in) deep in 7.5cm (3in) pots of free draining compost. Place in a propagator or seal container inside a polythene bag and place at 20-25°C (68-77°F) until after germination which takes 7-10 days. Do not exclude light, as this helps germination.",,,"August, July, June",,Full sun,,,,No,,No
No,Courgettes Cerna (romania),Our%20garden%2093e00b18daa6406bb774d7fac429385d/IMG_9327.jpg,Vegetable,Yes,"Fast-growing, the fruits are cylindrical, finely ribbed, weigh 2-4 kg, the skin is light yellow. The plant is thermophilic and sensitive to low temperatures. Successful cultivation requires regular irrigation and nutrient supply.",Seed pack,"August, February, July, March",No,,No,,After 45 days plant out 50cm apart,"Indoor sowing: Feb- March or Jul- Aug
Outdoor sowing Apr-May",,,"August, July, October, September",,Full sun,Wet,,,No,,No
No,Courgettes Goldena,Our%20garden%2093e00b18daa6406bb774d7fac429385d/IMG_9291.jpg,Vegetable,Yes,Cucurbita pepo cylindrica,Seed pack,"April, March, May",Yes,,No,"June, May","Gradually accustom plants to outside conditions (avoid
frosts), before planting out 60 cm apart, into fertile,
well-drained soil, growing bags or 40 cm diameter
pots, during May-June when frosts are over.","Sow indoors 1.5 cm deep, on edge, in 7.5 cm pots of seed compost. Water well and place in a warm position. A temperature of 15-20°C Seedling - Courgette is ideal.
Seedlings will usually appear after 7-14 days
",,,"August, July, September",,"Full sun, Wet",,"Keep the soil constantly moist by watering around the plants, not over them. Top Tip! Plant a small, empty growing pot alongside the plants. Water into the pot and it will help ensure that water goes right down to the roots and doesn't sit around the neck of the plant which could lead to rotting.",,No,,No
No,Cucumber Cornichon de Paris,"Our%20garden%2093e00b18daa6406bb774d7fac429385d/IMG_7349.jpg, Our%20garden%2093e00b18daa6406bb774d7fac429385d/IMG_7350.jpg","Annual, Vegetable",Yes,"Vegetation period: 65 days. Small fruits of
dimensions 9/2 cm. Green fruits, with grooves and thorns
blacks. flowering is mixed. Good productivity.",Seed pack,"June, May",No,,Yes,,,,,,"August, July, June",,,,,,No,,No
No,Cucumber Crisan (for pickles),Our%20garden%2093e00b18daa6406bb774d7fac429385d/IMG_9356.jpg,Vegetable,Yes,"Early, thick-boosted American-type loader, with mixed flowers.
The fruits are short, dark green, granular with an average weight of 70-90g. After processing
it remains harder, crisper than smooth varieties.Pickled cucumber
Early type, mixed flower, high yield variety. The fruits are short,
they are ribbed, their weight is 70-90 g, their color is dark green with black spines.",Seed pack,"June, May",No,,No,,,,,,"August, July",,,,,,No,,No
Yes,Cucumber Goblin (gerkin),Our%20garden%2093e00b18daa6406bb774d7fac429385d/IMG_9383.jpg,Vegetable,Yes,"Early to flower and set fruit. High powdery mildew tolerance
Up to 50 crunchy and juicy fruits per plant Semi-trailing plants (spread 40cm) ideal for patio containers
Plants are bred to be semi-trailing and are ideal for larger patio containers. Fruits can be harvested in about 8 weeks from transplanting. Pick regularly when fruits are 5cm 'cornichons' or when they are 10cm long for pickling or salad use.",Seed pack,"April, May",Yes,,No,"June, May","GROWING ON: Gradually acclimatise plants to outdoor conditions before
planting out after last frosts. Leave 75cm (2.5ft) between plants in each direction. Do not remove the male flowers. Best grown outdoors, allow to trail on the ground or plant in larger patio containers. ","SOWING INSTRUCTIONS: Sow seed 13mm (1/2in) deep in 7.5cm (3in) pots of good seed compost. Place pots in a propagator or seal in a polythene bag and keep at 21-25°C (70-77°F) until after germination which usually takes 5-7 days. Alternatively, sow seed directly into the soil outside once it has warmed and there is no further risk of frost. Sow at a depth of 2cm (3/4in) 75cm (2.5ft) apart and in rows 75cm (2.5ft) apart.",,,"August, July, June, October, September",,Full sun,"Well drained, Wet",Ensure no 'all female' varieties are also being grown so as to avoid cross pollination. Feed with potash fertiliser once fruiting commences.,,No,,No
No,Cucumber Marketer,Our%20garden%2093e00b18daa6406bb774d7fac429385d/IMG_9359.jpg,,,"Cucumis sativus
A popular variety producing heavy yields of smooth, dark green fruits. Perfect for salads.",Seed pack,"April, May",No,,No,,lant out in desired location when all chance of frost has passed. Harden off first.,"Indoor Planting:
Sow seeds 0.5cm deep in pots of moist compost, be careful not to over-water. Store in a warm location at an approx. temperature of 20°c (68°f). P",,,"August, October, September",,Full sun,Wet,"Pick fruit regularly and feed well. Keep well watered in dry conditions.
Keep free from weeds.",,No,,No
Yes,Cucumber Marketmore 76,"Our%20garden%2093e00b18daa6406bb774d7fac429385d/IMG_7397.jpg, Our%20garden%2093e00b18daa6406bb774d7fac429385d/IMG_7398.jpg","Annual, Vegetable",Yes,"For the garden an growing bags outside
• Shows good resistance to mildew
• Source of vitamin C and vitamin A",Seed pack,"April, February, June, March, May",Yes,,Yes,"June, May","Gradually accustom young plants to outside
conditions (avoid frosts), before planting out 60cm (2')
apart. Pinch out the growing tip when six leaves have
formed to encourage side shoots to form.","Sow indoors for surest results, 0.5cm (1/4"") deep, on
edge, in small pots of compost. Water well and place in
a warm position. A temperature of 21-24C (70-750F) is
ideal. Keep moist. Seedlings usually appear in 7-14 days.
When plants have developed 3 or 4 leaves, transplant to
12cm (5"") pots and grow on in cooler, but not cold
conditions. 
Or sow outdoors for ease, where they are to crop, sow
two seeds per position 0.5cm (1/4"") deep, directly into
finely prepared soil which has already been watered.
Allow 60cm (2') between rows. When large enough, thin
to leave the stronger plant.",,,"August, July, October, September",,Full sun,"Well drained, Wet","This outdoor cucumber will also crop well
in growing bags and large pots, but it needs plenty of
waterinq and occasional feeding.",,No,,No
Yes,Daffodil lesser,Our%20garden%2093e00b18daa6406bb774d7fac429385d/597474D9-9A35-49B2-BB72-00710FF8B9C6.jpeg,"Flowers, Perennial",No,"Narcissus minorN. minor is a vigorous, dwarf trumpet daffodil forming a clump of grey-green foliage to 15cm in height, with bright yellow flowers 3cm in width in early spring",Front - raised bed,"November, October, September",No,,No,,,"Plant at one and a half to two times its own depth in autumn. Will tolerate most soils but prefers moderately fertile, well-drained soil that is constantly moist during the growing season.",,"https://www.rhs.org.uk/garden-jobs/deadheading-plants
 as flowers fade and allow the leaves to die down naturally",,"April, February, March",Ground,"Acidic, Alkaline, Neutral, Well drained",,,No,,No
No,Dahlia crazy love,Our%20garden%2093e00b18daa6406bb774d7fac429385d/21D72213-3251-4F85-B33C-51C914D878EE.jpeg,"Flowers, Perennial",No,,,,No,,No,,,,,,,,,,,,No,,No
Yes,Dill,Our%20garden%2093e00b18daa6406bb774d7fac429385d/IMG_9316.jpg,Herb,Yes,"Anethum graveolens
Use the leaves to flavour fish, potatoes, sauces and mustards, also great as a decorative garnish. The seeds can be used for pickling and in stews.",Seed pack,"April, August, December, February, January, July, June, March, May, November, October, September",No,,No,,,All year round for pots indoors,,,,,,,"Pick leaves as required from June to November. Pick seed heads when light brown (outdoor crops only). After drying shake out the seeds and store in an
airtight container
Add leaves just before cooking is complete for maximum flavour
Tip
Performance subject to growing conditions. Packed in UK",,No,,No
Yes,Dwarf french bean mix,"Our%20garden%2093e00b18daa6406bb774d7fac429385d/IMG_7359.jpg, Our%20garden%2093e00b18daa6406bb774d7fac429385d/IMG_7360.jpg","Annual, Vegetable",Yes,"Unusual coloured beans, delicious whether eaten hot or cold in salad dishes. Their attractive pods can be eaten as fresh French style beans or dried and shelled for haricot beans.
- Borlotto di Vigevano nano ,large crops of pods heavily flecked With red. Eat young as fresh green pods or dry the attractive seeds inside.
- Rocquencourt, long deep yellow, rounded pods make an unusual and attractive alternative, while the black tasty seeds add something a little different.
- Contender, round podded green beans occasionally flecked with purple. The dark seeds can also be dried and used as haricot beans.",Seed pack,"April, July, June, May",No,,Yes,"June, May"," For early crops plant out and protect with cloches. Stand outside late May (avoid frosts). Transplant 25cm apart in rows 45cm apart. Harvest from June to October. Pick regularly to encourage further cropping."," Sow outdoors in position May to July, sow two seeds together with 25cm between positions, in rows 45cm apart. Cover with 5cm of fine soil. Firm gently and keep moist. When large enough thin to strongest seedling.
Support in windy sites. Harvest from July to October. Pick regularly to
encourage further cropping. Or, sow April to May, 2.5cm deep into pots of compost. Cover with glass or polythene and keep at 15C. Keep moist. Remove cover when seedlings appear.","June, May",,"August, July, June, October, September",,,,,,No,,No
No,,,,,,,,No,,No,,,,,,,,,,,,No,,No
Yes,Dwarf tulip,Our%20garden%2093e00b18daa6406bb774d7fac429385d/IMG_9512_(1).jpg,"Flowers, Perennial",No,Eye catching clusters of star shaped flowers with strap shaped glossy green leaves.,"Front - raised bed, Rear - raised bed",,No,,No,,,Plant 15 cm apart. Either plant immediately in a hole twice the pots diameter or in a larger patio pot to flower. Allow fading flowers to die back naturally.,,,,"April, March, May",Full sun,Well drained,,,No,,No
Yes,Echinacea Pink Parasol,"Our%20garden%2093e00b18daa6406bb774d7fac429385d/IMG_7319.jpg, Our%20garden%2093e00b18daa6406bb774d7fac429385d/IMG_7320.jpg","Flowers, Perennial",Yes,"Deep purple-pink blooms with contrasting orange cones
Excellent for borders; makes a high quality cut flower
Grows well in any ordinary soil in full sun
Stunning, large, deep purple-pink blooms with contrasting orange cones stand proudly above strong stems attracting butterflies to your garden. These bushy plants will add height to your borders and make attractive, long-lasting cut flowers.","Seed pack, Seed tray - indoors","April, February, June, March, May",Yes,"February 24, 2024",No,,"GROWING ON: Transplant seedlings when large enough to handle, into 7.5cm (3in) pots. Gradually acclimatise plants to cooler conditions for a few weeks before planting out after all risk of frost has passed, 45cm apart.","SOWING INSTRUCTIONS: Sow seeds onto the surface of a good, free-draining, damp seed compost. Cover with a very fine sprinkling of compost or vermiculite. Place in a propagator or seal container inside a polythene bag at a temperature of 15-20C until after germination which usually takes 10-21 days.",,,,"August, July, November, October, September",Full sun,,,,Yes,,No
Yes,Forget Me Not Mix,Our%20garden%2093e00b18daa6406bb774d7fac429385d/IMG_9347.jpg,Flowers,No,"Myosotis sylvatica
Pure clear colours to complement spring daffodils and tulips or to brighten beds, borders and rock gardens with traditional cottage garden charm.",Seed pack,"July, June, May",No,,No,,,"Sow thinly in rows 15cm apar
Cover with 0.5cm of fine soil Firm gently and keep moist. Seedlings appear. 14-28 days. Sow some in pots with spring bulbs for great looking containers",,,,"April, June, May","Full sun, Part shade",Well drained,"When large enough thin to 5cm apart Transplant 15cm apart in flowering position from September to October Keep moist and weed free. ",,No,,No
Yes,French bean carminat,"Our%20garden%2093e00b18daa6406bb774d7fac429385d/IMG_7399.jpg, Our%20garden%2093e00b18daa6406bb774d7fac429385d/IMG_7400.jpg","Annual, Vegetable",Yes,"Attractive, slender beans retaining their colour when steamed",Seed pack,"June, May",No,,Yes,,"15-2 cm apart in full sun, in soil with added
organic matter. Climbing beans require
support with a double row of canes, 1.8m
tall with 45cm between rows. Keep soil
moist at all times.","Sow direct into the required harvest
location, 5cm deep, 15-20cm apart.
Support with canes, as with planting
out indoor-sown beans. If planting in
containers, choose one at least 75cm in
diameter, such as a half-barrel.",,,"August, July, September",,Full sun,"Well drained, Wet","Advice
Put supporting canes in place before
planting out or direct sowing. Pick
regularly once the beans are about
10cm long and snap easily. Climbing
beans harvest over a longer period than
dwarf beans.",,No,,No
Yes,French Bean Climbing Blauhilde,Our%20garden%2093e00b18daa6406bb774d7fac429385d/IMG_9283.jpg,Vegetable,Yes,Phaseolus vulgaris,Seed pack,"April, June, May",No,,No,"June, May","Gradually accustom plants to outside conditions (avoid frosts), before planting out 20 cm apart. Before planting, construct a support system for your beans, as they are strong climbers.","Sow indoors in pots or trays, 4 cm deep, on a windowsill or in a greenhouse using seed compost.
Seedlings will usually appear after 7-14 days.",,,"August, July, October, September",,,Wet,Keep the soil moist and weed free. Feed with a general purpose liquid feed every two weeks.,,No,,No
Yes,French Bean Climbing Isabel,Our%20garden%2093e00b18daa6406bb774d7fac429385d/IMG_9312.jpg,Vegetable,Yes,"Phaseolus vulgaris
Succulent, well flavoured, rounded pods held in clusters that are easy to pick. A vigorous white seeded, stringless variety capable of cropping over a long period, with good disease tolerance for naturally healthy plants and reliable crops.",Seed pack,"April, May",No,,No,June,,"Indoor sowing
In pots of moist compost
Sow one or two seeds per pot
Firm gently and keep moist Keep at approx. 15-20°C
Cover with 2.5cm of fine compost Cover pots with glass or polythene Seedlings appear 7-14 days
Remove cover when seedlings appear. Stand outside for a few days in May",,,"August, July, September",,,,"Pick regularly to encourage further cropping
Make an early and late sowing for the longest harvest. In hot weather mist with tepid water in the
evening to help the pods set",,No,,No
Yes,French Bean Climbing Speckled cranberry,"Our%20garden%2093e00b18daa6406bb774d7fac429385d/IMG_7309.jpg, Our%20garden%2093e00b18daa6406bb774d7fac429385d/IMG_7310.jpg","Annual, Vegetable",Yes,"A great looking and really useful variety. The young pods can be eaten whole from around 8 weeks, or left to mature and the succulent shelled beans used fresh at around 1 1 weeks. Alternatively they can be left to mature and dry out for long term storage.",Seed pack,"June, May",No,,Yes,,,"In a prepared seed bed, delay sowing if soil is cold or waterlogged. Sow two seeds together 25cm apart,
in rows 45cm apart. Cover with 5cm of fine soil
Firm gently and keep moist. When large enough thin to strongest seedling. Train up poles or netting",,,"August, July, October, September",,Full sun,"Well drained, Wet",Keep moist and weed free. Pick regularly to encourage further cropping. Make an early and late sowing for the longest harvest. In hot weather mist with tepid water in the evening to help the pods set.,,No,,No
Yes,French Bean Dalmaziano dry,"Our%20garden%2093e00b18daa6406bb774d7fac429385d/IMG_7309%201.jpg, Our%20garden%2093e00b18daa6406bb774d7fac429385d/IMG_7324.jpg","Annual, Vegetable",Yes,"Bean variety for dry beans, with 50-60 cm plants. The pods are straight, having a length of 12-14 cm. The seeds are of medium size, beige in color with stripes and spots purple in color. It is recommended for consumption as is
fresh or preserved.",Seed pack,"April, July, May",No,,Yes,,,,,,"July, June, October, September",,,,,,No,,No
Yes,French Bean Ecaterina,"Our%20garden%2093e00b18daa6406bb774d7fac429385d/IMG_7343.jpg, Our%20garden%2093e00b18daa6406bb774d7fac429385d/IMG_7344.jpg",Vegetable,Yes,"The vegetation period is 62-65 days from emergence. The pod is wide slightly curved, yellow with a length of 18-
22 cm and the width of 2-2.5 cm.",Seed pack,"July, May",Yes,,Yes,,,,,,"August, July, September",,Full sun,,,,No,,No
No,French Bean Otila,"Our%20garden%2093e00b18daa6406bb774d7fac429385d/IMG_7295.jpg, Our%20garden%2093e00b18daa6406bb774d7fac429385d/IMG_7296.jpg","Annual, Vegetable",Yes,"Phaseolus vulgaris L.
Climbing beans
The vegetation period is 62-65 days. The pod is wide,
sometimes very slightly curved, yellow, with a length of 18-22
cm and the width of 2-2.5 cm. climbing bean variety,
productive. Beige beans.",Seed pack,"April, July, May",No,,Yes,,,5cm,,,"August, July, September",,,,,,No,,No
Yes,Hyacinth Pink,Our%20garden%2093e00b18daa6406bb774d7fac429385d/33B9D0A7-F2DA-44D4-BDAF-0F144D85B858.jpeg,"Flowers, Perennial",No,,"Front - raised bed, Rear - raised bed",,No,,No,,,,,,,"April, March",,,,,No,,No
Yes,Hyacinth red,Our%20garden%2093e00b18daa6406bb774d7fac429385d/06035018-F0E4-40C7-97FC-A67980BADC36.jpeg,"Flowers, Perennial",No,,Rear - raised bed,,No,,No,,,,,,,"April, March",,,,,No,,No
Yes,Hyacinth yellow,Our%20garden%2093e00b18daa6406bb774d7fac429385d/0A04E8FF-7787-4934-ABE2-8C54CC2C88F0.jpeg,"Flowers, Perennial",No,,Rear - raised bed,,No,,No,,,,,,,"April, March",,,,,No,,No
Yes,Iris Harmony,Our%20garden%2093e00b18daa6406bb774d7fac429385d/IMG_1669.jpg,"Flowers, Perennial",No,"Eye catching royal-blue flowers with a bright yellow and white blotch, with sharpy pointed pale grey-green leaves.",Front - raised bed,,No,,No,,,Plant 15 cm apart. Either plant immediately in a hole twice the pots diameter or in a larger patio pot to flower. Allow fading flowers to die back naturally.,,,,"February, January, March","Full sun, Part shade",Well drained,,,No,,No
Yes,Lettuce Blonde de Paris,Our%20garden%2093e00b18daa6406bb774d7fac429385d/IMG_9281.jpg,Vegetable,Yes,"Lactuca sativa
Can be grown in the smallest garden or patio pots.","Seed pack, Seed tray - indoors","April, July, June, March, May",No,"February 24, 2024",Yes,,,"Sow thinly outdoors, 1.5 cm deep, directly where they are to grow, in rows spaced 30 cm apart. Sow seeds every 2-3 weeks to extend your harvest period. Seedlings will usually appear after 7 - 14 days.",,,"August, July, June, September",,,,"Early sowings may benefit from cloche protection. Thin out to 25 cm apart.
Keep the soil moist and weed free. Apply a general purpose granular feed to the soil a week before sowing.",,No,,No
Yes,Lettuce Butterhead May king,Our%20garden%2093e00b18daa6406bb774d7fac429385d/IMG_9268.jpg,Vegetable,Yes,Can be grown in the smallest garden or patio pots.,"Seed pack, Seed tray - indoors","April, July, June, March, May",No,"February 24, 2024",Yes,,,"Sow thinly outdoors, 1.5 cm deep, directly where they are to grow, in rows spaced 30 cm apart. Sow seeds every 2-3 weeks to extend your harvest period.
Seedling - Lettuce
Seedlings will usually appear after 7 - 14 days. Early sowings may benefit from cloche protection. Thin out to 25 cm apart.",,,"August, July, June, September",,Full sun,Wet,Keep the soil moist and weed free. Apply a general purpose granular feed to the soil a week before sowing.,,No,,No
Yes,Lettuce Loose Leaf,Our%20garden%2093e00b18daa6406bb774d7fac429385d/IMG_9343.jpg,Vegetable,Yes,"Lactuca sativa
Can be grown in the smallest garden or patio pots.",Seed pack,"April, July, June, March, May",No,,Yes,,,"Sow thinly outdoors, 1.5 cm deep, directly where they are to grow, in rows spaced 30 cm apart. Sow seeds every 2-3 weeks to extend your harvest period.
Seedling - Lettuce
Seedlings will usually appear after 7 - 14 days.",,,"August, July, June, September",,,,"Early sowings may benefit from cloche protection. Thin out to 25 cm apart.
Keep the soil moist and weed free. Apply a general purpose granular feed to the soil a week before sowing.",,No,,No
Yes,Lettuce salad bowl,Our%20garden%2093e00b18daa6406bb774d7fac429385d/IMG_9277.jpg,Vegetable,Yes,Can be grown in the smallest garden or patio pots.,Seed pack,"April, July, June, March, May",No,,Yes,,,"Sow thinly outdoors, 1.5 cm deep, directly where they are to grow, in rows spaced 30 cm apart. Sow seeds
Seedling - Lettuce
every 2-3 weeks to extend your harvest period.
Seedlings will usually appear after 7 - 14 days.
Early sowings may benefit from cloche protection.
Thin out to 25 cm apart.
Keep the soil moist and weed free. Apply a general purpose granular feed to the soil a week before sowing.",,,"August, July, June, September",,Full sun,Wet,Keep the soil moist and weed free. Apply a general purpose granular feed to the soil a week before sowing.,,No,,No
Yes,Lettuce winter density,"Our%20garden%2093e00b18daa6406bb774d7fac429385d/IMG_7471.jpg, Our%20garden%2093e00b18daa6406bb774d7fac429385d/IMG_7472.jpg","Annual, Vegetable",Yes,"An extremely early Cos lettuce producing crisp, solid
hearts of excellent flavoured leaves. Slow to bolt and
quite hardy, it can be sown in the colder months.","Seed pack, Seed tray - indoors","April, August, February, January, March, November, October, September",No,"February 24, 2024",Yes,,,"August to April, with cloche or fleece
protection
In a prepared seed bed
Sow thinly in rows 30cm apart
Cover lightly with 1.5cm of fine soil
Firm gently and keep moist
Seedlings appear 7-14 days
When large enough thin to 15cm apart
Keep moist and weed free
Protect with fleece or cloches during cold
weather",,,"April, July, June, March, May",,"Full sun, Part shade",Well drained,"For maximum freshness cut lettuces in
the morning or evening
In severe winter weather sow indoors in an
unheated glasshouse and then transplant
4-6 weeks later under fleece or cloches
outside",,No,,No
Yes,Lily of the valley Pink,Our%20garden%2093e00b18daa6406bb774d7fac429385d/IMG_9516_(1).jpg,"Flowers, Perennial",No,Convallaria majalis Rosea,Pot - outdoors,March,No,,No,,,,,,,,"Part shade, Wet",Well drained,"Likes rich humus, moist soil in partial shade. The bulbs are hardy and need no special attention. Should they become overcrowded, lift, divide and replant.",,Yes,,No
Yes,Lobelia Crystal Palace,Our%20garden%2093e00b18daa6406bb774d7fac429385d/IMG_9308.jpg,"Annual, Flowers",No,"Lobelia erinus pendula
One of the most favourite Lobelia's with vivid deep blue flowers. Will enhance any garden. Half Hardy Annual.","Seed pack, Seed tray - indoors","February, January, March",Yes,"February 24, 2024",No,May,"Growing On:
When the seedlings are strong enough to handle they can be transplanted into bigger pots or trays. Do not overcrowd the plants and keep in a warm, light position. Once all chance of frost has passed the plants can be transplanted direct into your desired location in May. Harden off first.","Indoor Planting:
Sprinkle seeds onto the surface of the soil in trays of moist compost and cover lightly, be careful not to over-water. Store in a warm place at an approx. temperature of 15-20°c (60-68°f).",,,,"August, July, June, October, September",Full sun,,"Spacing 6"" / 15cm",,Yes,,No
Yes,Long Pepper Sweet Romano,Our%20garden%2093e00b18daa6406bb774d7fac429385d/IMG_9349.jpg,Vegetable,Yes,"Capsicum annuum
Pepper (Sweet) Corno di toro rosso
A favourite sweet pepper variety with delicious flesh, thin skins and few seeds. Fruits can grow to 25cm long, perfect for salads as well as cooked dishes.
Winner of an RHS Award of Garden Merit for reliability and good performance. Part of the seed range produced by Mr Fothergill's Seeds in partnership with the RHS.","Seed pack, Seed tray - indoors","April, February, March",Yes,"January 7, 2024",No,May,"Remove cover when seedlings appear. When 5cm tall transplant into 10cm pots of compost with as little root disturbance as possible. Keep at approx. 15°C For greenhouse crops: Transplant to grow bags or large pots in the greenhouse
in May to June. For outdoor crops: Stand outside for a few days late May (avoid frosts). Choose a
warm, sunny sheltered spot outside.","For indoor sowing
In pots or trays of seed compost. Sow thinly, cover with a fine layer of compost. Firm gently and keep moist Cover with glass, polythene or propagator lid. Keep at approx. 15-20°C
Seedlings appear 7-21 days",,,"August, July, October, September",,"Full sun, Part shade",Wet,"Note, outdoor crops will be smaller and later
Tip
Apply a liquid feed every 2-3 weeks once flowers have formed",,No,,No
Yes,Long Pepper Sweet tasty mix f1,"Our%20garden%2093e00b18daa6406bb774d7fac429385d/IMG_7321.jpg, Our%20garden%2093e00b18daa6406bb774d7fac429385d/IMG_7322%201.jpg","Annual, Vegetable",Yes,"A fabulous three colour blend
Produces a huge crop of long, pointed fruits on upright stems
Perfect for growing in the greenhouse.
Early fruit setting and produces abundantly throughout the summer if
grown in the greenhouse. Green fruits up to 25cm in length, turn
a glossy yellow, red or purple. Superb cut lengthwise for grilling, stuffed,
stir fried or sliced for salads.","Seed pack, Seed tray - indoors","April, March",Yes,"January 7, 2024",No,,"FOR OUTDOOR CROPS: Gradually acclimatise plants to outdoor conditions before planting out early summer 60cm apart in moist, well-drained soil in a sunny sheltered site. Grow on as above.
Mix contains varieties: Astor (yellow) 33%, Thor (red) 33% and
Black Knight (deepourple) 34%.","SOWING INSTRUCTIONS: Place seed on the surface of a good, free-draining, damp seed compost and cover with a fine sprinkling of compost or vermiculite. Place in a propagator or seal container inside a polythene bag at 20-25C until after germination which takes 10-14 days. Transplant seedlings when large enough to handle into 7.5cm pots.",,,"August, July, October, September",,Full sun,"Well drained, Wet",,,No,,No
No,Lupin Russell Assorted,Our%20garden%2093e00b18daa6406bb774d7fac429385d/IMG_9333.jpg,Flowers,No,Lupinus polyphyllus,Seed pack,"April, June, March, May",No,,No,"August, July, June, May, September",Acclimatise to outdoor conditions and plant out 60 cm apart in well drained soil in a sunny spot.,"Sow indoors in seed trays 1.5 cm
deep using sowing compost. or in a greenhouse. Keep moist. Transfer seedlings to 7.5 cm pots.
Place on a windowsill
Seedlings will usually appear
after 21-28 days.",,,,"August, July, June",Full sun,Well drained,,,Yes,,No
Yes,Marigold (French) Bonita Mixed,Our%20garden%2093e00b18daa6406bb774d7fac429385d/IMG_9285.jpg,"Annual, Flowers",No,"Vigorous and free flowering over a long season. The
wide range of vibrant colours makes it very popular
for bedding schemes and patio containers.``","Seed pack, Seed tray - indoors","April, May",No,"February 24, 2024",No,,,"For outdoor sowing
When
April to May
Where
In a prepared seed bed in flowering position
How
Sow thinly in rows 20cm apart
Cover lightly with fine soil. Keep moist",,,,"August, July, June, October, September",Full sun,Well drained,"Care
When large enough thin to 15cm apart
Keep moist and weed free 
Flowers June to October. Remove dead heads to
prolong flowering
Tip
Grow some plants in pots to fill gaps in the border",,No,,No
Yes,Marigold African spinning wheels,"Our%20garden%2093e00b18daa6406bb774d7fac429385d/IMG_7331.jpg, Our%20garden%2093e00b18daa6406bb774d7fac429385d/IMG_7332.jpg","Annual, Flowers",No,"A colour co-ordinated mixture of large and unusual African marigolds, guaranteed to bloom all summer
long, essential for containers and formal bedding.","Seed pack, Seed tray - indoors","April, February, March",Yes,"February 24, 2024",No,May,"Grow on at approx. 13-15C
When large enough transplant 5cm apart
in trays. Stand outside for a few days late
May (avoid frosts). Transplant 25cm apart
in flowering position
Keep moist and weed free","In trays of seed compost
Sow thinly, cover lightly with a fine layer of compost. Firm gently and keep moist
Keep at approx. 15-20C
Seedlings appear 14-21 days",,,,"August, July, June, October, September",Full sun,Well drained,"Remove dead heads to prolong flowering Will tolerate quite dry, sunny conditions
once established",,No,,No
No,Marjoram Sweet,Our%20garden%2093e00b18daa6406bb774d7fac429385d/IMG_9351.jpg,Herb,Yes,"Majorana hortensis
A fragrant and popular herb, use the leaves fresh or dried in soups and stews, ideal for stuffing too. The aromatic plant produces white flowers in summer.",Seed pack,"April, June, March, May",No,,No,,,"Outdoor Planting:
Sow seeds 1.5cm deep direct in growing bed. Keep the soil moist, and be careful not to over-water. When large enough to handle
thin to 10"" (25cm).
Pick the leaves regularly to encourage growth.
Alternatively, for all year round supply, sow indoors in pots.",,,"August, July, September",,"Full sun, Pot",,"trays. Do not overcrowd the plants and keep in a warm, light position. Once all chance of frost has passed the plants can be transplanted direct into your desired location. Harden off first.",,No,,No
No,Micro greens Basil Sweet,Our%20garden%2093e00b18daa6406bb774d7fac429385d/IMG_9329.jpg,Herb,Yes,Ocimum basilicum,Seed pack,"April, August, December, February, January, July, June, March, May, November, October, September",No,,No,,,"FOR INDOOR SOWING
All year round 
In small trays of moist compost Sow generously and spray gently with water to moisten the
seeds. Place on a light airy windowsill. For continuous crops
sow every 7-10 days
Tip
Sow half a tray at a time for convenient, continuous crops Sowing to harvest times may change throughout the year as growing conditions and light levels change",,,"April, August, December, February, January, July, June, March, May, November, October, September",,,,"Keep moist, do not allow seed to dry out
Harvest all year round, when approx. 5cm high or when first true leaves appear
Ensure growing trays are thoroughly washed before they are re-used",,No,,No
No,Mint,"Our%20garden%2093e00b18daa6406bb774d7fac429385d/IMG_7329.jpg, Our%20garden%2093e00b18daa6406bb774d7fac429385d/IMG_7330.jpg",Herb,Yes,"Mint
(Mentha piperita)
A popular versatile herb, mostly known as an ideal accompaniment
to lamb. Also great when added to boiled new potatoes and peas.
Can help aid indigestion.",Seed pack,May,No,,Yes,,,"Outdoor Planting:
Sow seeds 0.5cm deep direct in growing bed. Keep the soil moist,
and be careful not to over-water. When large enough to handle thin
to 12"" (30cm).",,,,,,"Well drained, Wet",,,No,,No
No,Mixed Carrots,Our%20garden%2093e00b18daa6406bb774d7fac429385d/IMG_9279.jpg,Vegetable,Yes,"Natural and vibrant mix
Eat raw, roasted whole, boiled or steamed Sow to harvest in less than 100 days",Seed pack,"April, June, March, May",No,,No,,,"Sowing Outdoors
Sow seeds thinly, 1cm (½2 in) deep in pre-watered rows, and cover with a little soil. Allow 15cm (bin) between rows. Carrots do best in light stone free soils.",,,"August, July, June, September",,,Wet,"Thinning
As seedlings develop, thin initially to 2cm (Tin) apart. Later thin again to about 5cm (2in) apart. Thinnings are delicious cooked as finger carrots or raw in salads. Thinning is best kept to a minimum as crushed leaves attract carrot root fly. Keep soil moist after thinning.",,No,,Yes
No,Morning Glory Heavenly Blue,Our%20garden%2093e00b18daa6406bb774d7fac429385d/IMG_9345.jpg,"Annual, Flowers",No,"(Ipomoea rubro coerulea)
A very popular beautiful sky-blue flower that opens fully in the morning and closes in the afternoon. Provides colourful flowers all through summer. Half Hardy Annual.",Archive,"June, May",Yes,,No,,,"Outdoor Planting:
Sow seeds 1.5cm deep in flowering location, thin to above spacings. These plants require full sun and will require support.",,,,"August, July, June, September",Full sun,,"Growing On:
When the seedlings are strong enough to handle they can be transplanted into bigger pots or trays. Do not overcrowd the plants and keep in a warm, light position. Once all chance of frost has passed the plants can be transplanted direct into your desired location in May. Harden off first.",,No,,Yes
Yes,Nasturtium Bloody Mary,"Our%20garden%2093e00b18daa6406bb774d7fac429385d/IMG_7384.jpg, Our%20garden%2093e00b18daa6406bb774d7fac429385d/IMG_7385.jpg","Annual, Flowers",Yes,"A hardy annual, it can be sown where it is to flower
• Exciting flowers in ever-changing pattern and shades
• Compact plants with a mix of light and dark leaves",Seed pack,"April, February, June, March, May",Yes,,Yes,"June, May",,"Sow outdoors where they are to flower, 1.5cm deep, directly into finely prepared soil which has already been watered. Sow two seeds together every 20cm. Seedlings usually appear in 21-28 days. Remove the
weaker plant, which can be transplanted elsewhere if desired. Water well until young plants are established. 
Or sow indoors for earlier flowers, 1.5cm deep, individually in small pots of compost. Keep moist. Gradually accustom plants to outside conditions
(avoid frosts), before planting out 30cmapart, when
frosts are over.",,,,"August, July, June, October, September",Full sun,"Well drained, Wet",,,No,,No
Yes,Nasturtium carousel,Our%20garden%2093e00b18daa6406bb774d7fac429385d/IMG_9287.jpg,"Annual, Flowers",Yes,A stunning mix of vibrant colours to create eye-catching displays throughout the summer. Thrives in poor soils and is ideal for patio containers.,Seed pack,"April, June, May",No,,Yes,,,"Outdoor sowing In a prepared seed bed in flowering position, sow 2 seeds together, with 30cm (12in) between pairs. Cover lightly with 1.5cm (half inch) of fine soil, firm gently and keep moist. Thin to one strong seedling per group.",,,,"August, July, June, October, September",Full sun,"Fine, Wet",,,Yes,,No
Yes,Nasturtium Whirlybird Mix,Our%20garden%2093e00b18daa6406bb774d7fac429385d/IMG_9298.jpg,"Annual, Flowers",Yes,"Tropaeolum majus Hardy annual
Nasturtium Seedlings
Single and semi double blooms
Easy to grow
Peppery tasting leaves and flowers",Seed pack,"April, June, May",No,,Yes,,,"Sowing Outdoors
Sow seeds in pre-watered soil at a depth of 2cm (lin) in their flowering positions. Keep soil moist until seedlings emerge, and water well in dry spells. Thin seedlings to around 30cm (12in) apart.",,,,"August, July, June, September",Full sun,"Fine, Wet",,,Yes,,No
Yes,Night Scented Stock,Our%20garden%2093e00b18daa6406bb774d7fac429385d/IMG_9323.jpg,"Annual, Flowers",No,"Matthiola bicornis
A wonderful quaint plant producing delicate small lilac flowers. To enjoy the delicious scent at night plant as near to your home as possible.",Seed pack,"April, June, March, May",No,,No,,,"Outdoor Planting:
Sow seeds 0.5cm deep in moist compost, be careful not to over-water. Keep in a sunny position.",,,,"August, July, June, September",Full sun,Well drained,"Growing On:
When the seedlings are strong enough to handle, thin out to above spacings. Make regular sowings for a continuous display through summer.",,Yes,,No
Yes,Onion Rubiniu,Our%20garden%2093e00b18daa6406bb774d7fac429385d/IMG_9382.jpg,Vegetable,Yes,"Semi-late variety with a vegetation period of 150 days from sunrise to harvest; culture is carried out by sowing directly in the field, in all favorable areas; sowing rate: 7 kg/ha. The bulbs are large, with an average weight of 250 g, they have the shape of a cone trunk, covered on the outside by red-purple parchment tunics. The inner, juicy leaves are light purple, covered by a purple membrane; The production is intended for fresh consumption; has medium storage capacity; production potential: 60-70 t/ha. Variety tolerant to diseases and pests, needing preventive treatments.",Seed pack,"April, February, March",Yes,,No,May,"At the end of May, when the seedling has 2-3 leaves, it must be shaped (leaves and roots are shortened), mulched and planted at the same depth as in the furrows where the seedlings were produced.","The culture can also be established by seedlings, obtained by sowing on furrows 50 cm high, in April, in rows spaced 5-6 cm apart.",,,"August, September",,,,,,No,,No
Yes,Oregano greek,Our%20garden%2093e00b18daa6406bb774d7fac429385d/IMG_9358.jpg,Herb,Yes,"Origanum vulgare
Strong aromatic flavour. A traditional ingredient of robust Greek food, popular in dishes such as moussaka, with cheese, fish and for flavouring oils.",Seed pack,"June, May",No,,No,,,"In the growing position Sow thinly, cover with fine soil",,,"August, July, June, November, October, September",,Full sun,Well drained,"When large enough, thin to 15cm apart, for a continuous supply make sowings every three weeks. Pick as required from June to November Remove flowers as they appear, for longer picking and better flavour",,No,,No
Yes,Pak Choi Canton white,"Our%20garden%2093e00b18daa6406bb774d7fac429385d/IMG_7392.jpg, Our%20garden%2093e00b18daa6406bb774d7fac429385d/IMG_7393.jpg","Annual, Vegetable",Yes,"Use as baby leaf in salads
Great for use in stir fries
High yielding",Seed pack,"April, August, July, June, March, May",No,,Yes,,,"Sow seeds thinly in shallow, pre-watered
rows. Lightly cover seeds with a little soil,
Keep soil moist, as dry conditions impair
germination. Gradually thin seedlings to
25cm apart and allow them to
develop.",,,"August, July, June, May, October, September",,Part shade,"Well drained, Wet","Keep well watered in periods of dry
weather.",,No,,No
Yes,Pansy Special early mix,Our%20garden%2093e00b18daa6406bb774d7fac429385d/IMG_9388.jpg,"Annual, Flowers",Yes,Viola x wittrockiana,Seed pack,"July, June, May",Yes,,No,,"Transplant 15cm apart in flowering
position from September onwards","In a prepared seed bed
Sow thinly in rows 20cm apart Cover with 1.5cm of fine soil
Firm gently and keep moist.
When large enough thin to 5cm apart ",,,,"April, December, February, January, June, March, May, November, October","Full sun, Part shade",Well drained,Remove dead flower heads to prolong flowering,,No,,No
Yes,Pea Alderman,"Our%20garden%2093e00b18daa6406bb774d7fac429385d/IMG_7303.jpg, Our%20garden%2093e00b18daa6406bb774d7fac429385d/IMG_7304.jpg","Annual, Vegetable",Yes,"One of the most popular tall pea varieties
Succulent and superb-tasting peas
• On average 9-11 peas per pod
This well-known, heavy-cropping heritage pea variety is one of the most popular tall varieties - plants can grow to 1.8m (6ft), so support is essential. The large, dark green, slightly curved pods open to reveal on average 9-11 super tasty peas. Keep plants well watered to prolong the picking season. Maincrop maturity.",Seed pack,"April, June, March, May",No,,Yes,,,"Sow March to June every 10 days for successional cropping. Sow 4cm deep in flat-bottomed drills, spacing the seeds about 2.5-5cm apart. and in rows 150cm apart.
When plants are 1 Ocm (4in) tall, erect strong supports_at each end of the
row and attach pea netting or chicken wire. The pods will be ready to harvest about 12-13
weeks from sowing. Pick regularly for higher yields and to extend the picking season.",,,"August, July, September",,Full sun,"Well drained, Wet",,,No,,No
Yes,Pea Ambassador,Our%20garden%2093e00b18daa6406bb774d7fac429385d/IMG_9266.jpg,Vegetable,Yes,"Pisum sativum
",Seed pack,"April, June, March, May",No,,No,,,"Sow outdoors into well drained soil in a sunny position. Dig a flat bottomed trench 15 cm wide and 5 cm deep and place pea seeds 5 cm apart in a double zig zag row along the bottom. Cover with soil, label the rows and water well. Allow 60cm between each row. Seedlings will usually appear after 14-21 days.",,,"August, July, June, May, September",,Full sun,Wet,"When the seedlings emerge insert plant supports, wire or netting for support. Pick pods regularly to maximise cropping. Keep the soil moist and weed free. ",,No,,No
Yes,Pea Mangetout Shiraz,"Our%20garden%2093e00b18daa6406bb774d7fac429385d/IMG_7305.jpg, Our%20garden%2093e00b18daa6406bb774d7fac429385d/IMG_7306.jpg","Annual, Vegetable",Yes,"Bumper crops of stunning flat purple pods
• Easy to grow vegetable
Powdery mildew resistant and good tolerance to downy mildew.
British breeding of the first purple mangetout. Attractive bi-coloured flowers form stunning flat, purple mangetouts to eat raw and in stir-fries. Can also be lightly steamed although colour will fade, or boiled where the colour will turn dark green. As with all mangetouts, they are best harvested and eaten young just as the peas start to form. Powdery mildew resistant and tolerance to downy mildew to help extend the sowing season to early July.",Seed pack,"April, July, June, March, May",No,,Yes,,,"SOWING INSTRUCTIONS: Sow every 10 days to ensure successional crops. Sow 5cm deep in flat-bottomed drills spacing about 2.5-5cm apart, and in rows 75cm apart.",,,"August, July, June, October, September",,Full sun,"Well drained, Wet","GROWING INSTRUCTIONS: Water plants regularly, especially when in flower as this will improve the crop. Start picking pods just as the peas inside start to form, regular picking will encourage further cropping and improve the flavour.",,No,,No
Yes,Peacock orchid,Our%20garden%2093e00b18daa6406bb774d7fac429385d/IMG_9614_(1).jpg,Flowers,No,"Create beautiful summer display and flamboyant blooms, these are ideal for giving height to bets and borders. Plant in groups or maximum effect.",,"April, March, May",No,,No,,,"Plant in a sunny spot. ",,,,"August, July, September",Full sun,,,,No,,No
Yes,Petunia special grandiflora mix,Our%20garden%2093e00b18daa6406bb774d7fac429385d/IMG_9391.jpg,"Annual, Flowers",Yes,"Petunia grandiflora
Lovely large open blooms in a whole host of striking colours. Perfect for mixed displays in all types of
garden containers and for bedding.","Seed pack, Seed tray - indoors","April, February, March",No,"February 24, 2024",No,May,When large enough transplant 5cm apart in trays. Grow on at approx. 15°C Stand outside for a few days late May (avoid frosts). Transplant 23cm apart in flowering position.,"In trays of seed compost
Sow thinly, do not cover the seed with compost. Firm gently and keep moist
lid. Keep at approx. 20-25°C Seedlings appear 14-25 days
Cover with glass, polythene or propagator Remove cover when seedlings appear",,,,"August, July, June, October, September",Full sun,Well drained,"Keep moist and weed free.
 Remove dead heads to prolong flowering.
Pinch out tips when approx. 10cm tall for
bushier plants",,No,,No
Yes,Pink Giant,Our%20garden%2093e00b18daa6406bb774d7fac429385d/IMG_9514_(1).jpg,"Flowers, Perennial",No,Beautiful spikes of star shaped pink flowers with glossy bright green leaves,Front - raised bed,,No,,No,,,Plant 15 cm apart. Either plant immediately in a hole twice the pots diameter or in a larger patio pot to flower. Allow fading flowers to die back naturally.,,,,"April, March, May","Full sun, Part shade",Well drained,,,Yes,,No
Yes,Poached eggs,"Our%20garden%2093e00b18daa6406bb774d7fac429385d/IMG_7390.jpg, Our%20garden%2093e00b18daa6406bb774d7fac429385d/IMG_7391.jpg","Annual, Flowers",No,"Low carpet of yellow and white blooms with a gentle scent
Easy to grow, perfect for rockeries and path edging
Will grow in any sunny position in well drained soil
A much-loved annual with a gentle fragrance that attracts hoverflies, who then feed on troublesome aphids. Bees also love this low spreading carpet of yellow and white blooms, ideal for the front of borders, rockeries and as edging.",Seed pack,"April, May, October, September",No,,Yes,,,"Sow outdoors where they are to flower. Prepare the
ground well and rake to a fine tilth before sowing. Sow 3mm deep, in rows 30cm apart.
GROWING ON: When large enough to handle, thin seedlings to 15cm apart.
FOR SPRING/SUMMER FLOWERING POT PLANTS: sow in a cool greenhouse or conservatory in late summer/early autumn. Grow on cool in full light and water",,,,"August, July, June, September",Full sun,Well drained,,,Yes,,No
Yes,Potato Colleen (first early),Our%20garden%2093e00b18daa6406bb774d7fac429385d/5ffe7c7f-49c4-4c17-9eaa-6beb6d63b493.jpg,Vegetable,Yes,Solanum tuberosum,Seed pack,February,No,,No,"April, March, May","Planting-out can take place as soon as the risk of frost has passed in your area (March-May). Dig over and cultivate the ground to be planted, removing any weeds. Raise shallow ridges 60cm/24"" apart and plant the seed potatoes into the ridge12cm/5"" deep and 22cm/9"" apart. If the potatoes have been chitted, take care not to damage the chits (shoots) as you plant. When the plants reach approx. 20cm/8"" tall, draw earth up the sides of the plant (covering the lower leaves). This will prevent light from reaching, the newly forming potatoes and encourage a higher yield","Chitting potatoes (encouraging the seed to sprout before planting) can lead to an earlier harvest than planting directly into the ground. To do this, place the seed potatoes into an open container such as an egg box, in a light and airy position, protected from frost. The potatoes will grow shoots.",,,"July, June",,Full sun,Well drained,Watering regularly will improve the yield and discourage scab from forming.,,No,,No
No,Potato Heidi Red,Our%20garden%2093e00b18daa6406bb774d7fac429385d/174af198-cd1d-4d99-9c15-b7db96cb8d6d.jpg,Vegetable,Yes,Solanum tuberosum,Seed pack,February,No,,No,"April, March, May","Planting-out can take place as soon as the risk of frost has passed in your area (March-May). Dig over and cultivate the ground to be planted, removing any weeds. Raise shallow ridges 60cm/24"" apart and plant the seed potatoes into the ridge12cm/5"" deep and 22cm/9"" apart. If the potatoes have been chitted, take care not to damage the chits (shoots) as you plant. When the plants reach approx. 20cm/8"" tall, draw earth up the sides of the plant (covering the lower leaves). This will prevent light from reaching, the newly forming potatoes and encourage a higher yield","Chitting potatoes (encouraging the seed to sprout before planting) can lead to an earlier harvest than planting directly into the ground. To do this, place the seed potatoes into an open container such as an egg box, in a light and airy position, protected from frost. The potatoes will grow shoots.",,,"October, September",,Full sun,Well drained,Watering regularly will improve the yield and discourage scab from forming.,,No,,No
No,Potato Salad Blue,Our%20garden%2093e00b18daa6406bb774d7fac429385d/e344cebf-5690-423b-a9d4-55b80887d9a1.jpg,Vegetable,Yes,Solanum tuberosum,Seed pack,February,No,,No,"April, March, May","Planting-out can take place as soon as the risk of frost has passed in your area (March-May). Dig over and cultivate the ground to be planted, removing any weeds. Raise shallow ridges 60cm/24"" apart and plant the seed potatoes into the ridge12cm/5"" deep and 22cm/9"" apart. If the potatoes have been chitted, take care not to damage the chits (shoots) as you plant. When the plants reach approx. 20cm/8"" tall, draw earth up the sides of the plant (covering the lower leaves). This will prevent light from reaching, the newly forming potatoes and encourage a higher yield","Chitting potatoes (encouraging the seed to sprout before planting) can lead to an earlier harvest than planting directly into the ground. To do this, place the seed potatoes into an open container such as an egg box, in a light and airy position, protected from frost. The potatoes will grow shoots.",,,"August, September",,Full sun,Well drained,Watering regularly will improve the yield and discourage scab from forming.,,No,,No
Yes,Puschkinia Libanitica,Our%20garden%2093e00b18daa6406bb774d7fac429385d/IMG_9508_(1).jpg,"Flowers, Perennial",No,"Charming hardy plant suitable for rockeries, alpine gardens and pots. Upright stems bear pale blue, bell shaped flowers.",Front - raised bed,,No,,No,,,,,,,"April, February, March","Full sun, Part shade, Wet",Wet,Keep moist,,No,,No
Yes,Radish mooli mino early,Our%20garden%2093e00b18daa6406bb774d7fac429385d/IMG_9496_(1).jpg,,,"Raphanus sativus An easy to grow, large oriental radish. Long white roots with mild flavour and crisp texture, traditionally used for sushi, salads, soups and stir-fries.",Seed pack,"August, July, June, May",No,,No,,,"Outdoor sowing - Sow thinly in rows 30cm apart. Cover with 1.5 cm fine soil. Firm gently and keep moist Seedlings appear 7-14 days. Make early and late sowings for a longer harvest When large enough thin out to 15cm apart. Harvest alternate roots, allowing others to fully mature up to 35cm long",,,,,,,Keep well watered as dry conditions can cause tough roots,,No,,No
No,Radishes French Breakfast,Our%20garden%2093e00b18daa6406bb774d7fac429385d/IMG_9389.jpg,Vegetable,Yes,"Raphanus sativus
A popular radish producing cylindrical, crisp red roots with a white tip and superb flavour. Ideal for use as a catch crop between slower growing vegetables.",Seed pack,"April, August, February, July, June, March, May, September",No,,No,,,"Outdoor 
In a prepared seed bed Sow thinly in rows 23cm apart
February to September
Cover lightly with 1.5cm of fine soil For continuous crops sow every 2-3
Firm gently and keep moist Seedlings appear approx. 7-14 days
weeks
",,,"April, August, July, June, May, October, September",,,Well drained,"Thin as required. Keep well watered and weed free. Protect early sowings with cloches in cold weather
Tip
Sow and harvest little and often to avoid woody roots",,No,,Yes
Yes,Radishes Riesenbutter,Our%20garden%2093e00b18daa6406bb774d7fac429385d/3E89B8CA-282A-47B3-A7F9-85AFC4598416.jpeg,Vegetable,Yes,,Seed pack,"April, August, February, July, June, March, May, September",No,,No,,,"Sow thinly outdoors, 1.5 cm deep, directly where they are to grow, in rows spaced 20 cm apart.
Sow some of the seeds every
Seedling - Radish
2-3 weeks to extend your harvest period.
Seedlings will usually appear after 7 - 14 days.
Thin the crop by harvesting young radishes evenly along the row. Radishes are fast growing so, to make best use of space, plant between rows of slower growing vegetables, such as parsnips.
Keep the soil moist and weed free.",,,"August, July, June, May, October, September",,,,,,No,,No
Yes,Rocket Wild,Our%20garden%2093e00b18daa6406bb774d7fac429385d/IMG_9353.jpg,Herb,Yes,"Tricia All year round
Strong against mildew, bolt tolerant",Seed pack,"April, August, December, February, January, July, June, March, May, November, October, September",No,,No,,,,,,"April, August, December, February, January, July, June, March, May, November, October, September",,,,,,No,,No
Yes,Runner Bean Enorma,"Our%20garden%2093e00b18daa6406bb774d7fac429385d/IMG_7281.jpg, Our%20garden%2093e00b18daa6406bb774d7fac429385d/IMG_7282.jpg",Vegetable,Yes,"An appropriate name for a Runner Bean with enormously long, 50cm (20in) pods, smooth, slender and with impeccable flavour. Enjoy early, bumper crops over a long picking season. Ideal for exhibiting. RHS Award of Garden Merit. Germination: 7-10 days (64-68°F)
Plant height: 3m (10ft",Seed pack,"April, July, June, May",Yes,,Yes,"July, June, May","Gradually acclimatise indoor grown plants to outdoor conditions for a few days before planting out after risk of frost has passed, against canes or netting. Hoe regularly and keep well watered. Mulch during dry periods and give a liquid fertiliser every 2 weeks.","Sow mid to late April indoors for transplanting. Sow seed 5cm (2in) deep in 7.5cm (3in) pots or trays of good, free-draining, seed compost. Place in a propagator or seal container inside a polythene bag and keep at 18-20°C (64-68°F) until after germination which takes 7-10 days.
Can also be sown May to early July direct outdoors once the soil has warmed. Sow 15cm
(6in) apart, 5cm (2in) deep and in rows 45cm (18in) apart.",,,"August, July, October, September",,Full sun,,,,No,,No
Yes,Runner Bean Stringless Galaxy,"Our%20garden%2093e00b18daa6406bb774d7fac429385d/IMG_7401.jpg, Our%20garden%2093e00b18daa6406bb774d7fac429385d/IMG_7402.jpg","Annual, Vegetable",Yes,"Reliable, high quality, purple seeded variety that provides exceptional yields of long and very smooth stringless, narrow pods with excellent flavour and texture. Shows good weather tolerance and sets beans well in most weather conditions, very useful for maximising the harvest.",Seed pack,"July, June, May",No,,Yes,,,"In a prepared seed bed, delay sowing if
soil is cold or waterlogged
Sow two seeds together, spacing 30cm
apart, in rows 45cm apart
Cover with 5cm of fine soil
Firm gently and keep moist",,,"August, October, September",,Full sun,Well drained,"When large enough thin to strongest
seedling. Train up poles or netting
Keep moist and weed free
Harvest August to October. Pick regularly to
encourage further cropping
In hot weather mist with tepid
water in the evening to help the pods set",,No,,No
Yes,Sage,"Our%20garden%2093e00b18daa6406bb774d7fac429385d/IMG_7339.jpg, Our%20garden%2093e00b18daa6406bb774d7fac429385d/IMG_7340.jpg","Herb, Perennial",Yes,"An evergreen shrub, the leaves are a traditional ingredient in stuffing and complement all rich meats as it is said they counteract any fattiness.","Seed pack, Seed tray - indoors","February, March",Yes,"February 19, 2024",No,,"Thin as necessary and when large enough, acclimatise to outside conditions
Stand outside for a few days (avoid frost)
Transplant to final growing position
spacing 30cm apart","In trays of compost Sow thinly, cover lightly with fine compost and firm gently, keep at 15-20C and keep moist
Seedlings appear 14-28 days",,,,,Full sun,Well drained,"Pick the leaves as required throughout the year, some protection may be needed in very severe winters. For drying pick the leaves before the lant flowers",,No,,No
No,Sage purple,Our%20garden%2093e00b18daa6406bb774d7fac429385d/IMG_9506_(1).jpg,"Herb, Perennial",Yes,"Salvia officinalis
Purple leaved from of common broad leaved sage.",Seed pack,"April, August, December, February, January, July, June, March, May, November, October, September",No,,Yes,,,,,,,,,,Water well before planting and during dry periods in first season until established. Can be planted at any time of the year,,No,,Yes
Yes,Saint John’s wort (sunatoare),"Our%20garden%2093e00b18daa6406bb774d7fac429385d/IMG_7347.jpg, Our%20garden%2093e00b18daa6406bb774d7fac429385d/IMG_7348.jpg","Annual, Flowers",Yes,"It is a herbaceous plant with a height of 60-80 cm, oval leaves and
yellow flowers. It is, used as a volatile oil against allergies,
irritations but also as an ointment, tincture or infusion.
Recommendations: antiseptic, antidiarrheal, bladder stones,
gastritis, gingivitis, as well as for treating wounds and neuralgia.",Seed pack,"April, March, October",No,,Yes,,,,,,"April, August, July, May, September",,,,,,No,,No
Yes,Snake’s head Fritillaria,"Our%20garden%2093e00b18daa6406bb774d7fac429385d/IMG_7299.jpg, Our%20garden%2093e00b18daa6406bb774d7fac429385d/IMG_7300.jpg","Flowers, Perennial",No,"Excellent for wild flower meadows
White blooms heavily chequered with pink, plum or purple
Can be grown in grass and often self seeds ring delight, these hardy bulbs are perfect for naturalising in long grass, where they will quickly colonise, producing 5cm (2in) blooms heavily chequered in plum-purple or cream. Also suitable for rockeries and borders.",Seed pack,"April, March, May, October, September",No,,Yes,,"GROWING INSTRUCTIONS: Once most seedlings have germinated , move to a coldframe or well-lit position. Transplant seedlings when well grown into individual
7.5cm (3in) pots. Grow on for 2-3 seasons before planting out, 15cm (6in) apart.","SOWING INSTRUCTIONS: Place seed thinly on the surface of a seed sowing mix containing 1 part coarse grit, 2 parts compost. Cover seed with a layer
of grit. Place outdoors in a shady position, open to the weather, until after germination which can take up to a year. Keep the compost moist at all times, the summer.",,,,"April, May",Full sun,,"
For growing in grassland, do not cut grass until the Fritillaria leaves have
died down.",,Yes,,No
Yes,Sorrel,"Our%20garden%2093e00b18daa6406bb774d7fac429385d/IMG_7337.jpg, Our%20garden%2093e00b18daa6406bb774d7fac429385d/IMG_7338.jpg","Annual, Herb",Yes,"Young leaves will add a tart flavour to a mixed leaf salad
Perfect for adding flavour to soups and sauces
Easy to grow, producing pale green leaves with a lemon flavour
Sorrel leaves are used extensively in French cuisine, with fish, soups and
sauces. Also picked young will add a tart flavour to a mixed leaf salad.
Leaves are best harvested regularly whilst small as bitterness increases
with larger, older leaves. Perennial, usually grown as a Hardy Annual.",Seed pack,"April, June, May",No,,Yes,,,"Sow directly outdoors. Prepare the soil by raking until it is fine and crumbly, removing any large stones. Sow thinly, 12mm deep in drills 30cm apart. Sow successionally every fortnight for 'salad
leaves'.",,,"April, August, July, June, May, October, September",,"Full sun, Part shade","Well drained, Wet","GROWING INSTRUCTIONS: Thin seedlings if necessary, when large enough
to handle, to 15cm apart. Keep ground weed free and water well during
dry periods. Harvest 6-8 weeks after sowing, selecting a few leaves from each
plant.",,No,,No
Yes,Sparaxis Harlequin Mix,Our%20garden%2093e00b18daa6406bb774d7fac429385d/IMG_9339.jpg,"Flowers, Perennial",No,,Seed pack,"August, December, November, October, September",No,,No,,,,,,,"July, June",,,,,Yes,,No
Yes,Spinach apollo f1,"Our%20garden%2093e00b18daa6406bb774d7fac429385d/IMG_7293.jpg, Our%20garden%2093e00b18daa6406bb774d7fac429385d/IMG_7294.jpg",Vegetable,Yes,"Spinacia oleracea
Fast growing and slow to bolt, with excellent disease resistance, for reliable crops of tasty and nutritious leaves over a long season. Also suitable for patio containers. 
","Rear - raised bed, Seed pack","April, August, March",No,"February 18, 2024",Yes,,,"March to August (sowings from late May to July should be for baby leaf only)
Sow thinly in rows 30cm apart for mature plants or 15cm apart for baby leaves Cover with 1.5cm of fine soil. Firm gently and keep moist. Seedlings appear 7-14 days. For continuous crops sow every 2-3 weeks",,,"April, May, October, September",,Part shade,,"When large enough thin to 7.5cm apart for baby leaf or for mature plants thin to final spacing of 15cm. Do not allow plants to dry out, this prevents them running to seed prematurely. For individual baby leaves, pick as required a few from each
plant, they will regrow for up to 3 to 4 cuts, pick mature plants once they have developed
",,No,,No
Yes,Spinach Matador,Our%20garden%2093e00b18daa6406bb774d7fac429385d/IMG_9504_(1).jpg,"Annual, Vegetable",Yes,Spinacia Oleracea,Rear - raised bed,"April, August, February, July, June, March, May",No,"February 18, 2024",Yes,,,"Sow thinly outdoors into finely prepared, moisture retentive soil 2.5cm deep, in a sunny position, where they are to crop. Allow 30cm between rows. Seedlings will usuary appear after 7-14 days.",,,"June, May, November, October, September",,"Full sun, Wet",Wet,No thinning required if only baby leaves are required. Otherwise remove overcrowded seedlings when large enough to handle to leave remaining plants 10 cm apart.,,No,,No
Yes,Sunflower Giant single,Our%20garden%2093e00b18daa6406bb774d7fac429385d/IMG_9335.jpg,"Annual, Flowers",Yes,"Helianthus annuus
A hardy annual, flowers the same year as sown Easy, fast growing with huge heads on giant stems 
Edible: Seeds harvested from grown plants can be used in baking. Packet seeds are not for consumption.",Seed pack,"April, March, May",Yes,,No,"June, May","Gradually accustom plants to outside conditions (avoid frosts), before planting out 45cm (18"") apart.","Sow outdoors where they are to flower, 1.5cm (1½"") deep, directly into finely prepared soil which has already been watered. Sow two seeds together every 45cm (18""). Seedlings usually appear in 14-21 days. Remove the weaker plant, which can be transplanted if desired. Water well until young plants are established. Or sow indoors 1.5cm (1/2"") deep, individually in pots of compost. Water well and place in a cold frame or greenhouse.",,,,"August, July, June, September",Full sun,Well drained,"Leave the dead flower heads to attract
and help feed the wild birds in the autumn. Easy to grow but if garden pests are a problem start seeds indoors.",,No,,No
Yes,Sweet Pea Dwarf Cupid Mixed,Our%20garden%2093e00b18daa6406bb774d7fac429385d/IMG_9289.jpg,"Annual, Flowers",No,"(Lathyrus odoratus)
This dwarf variety is perfect for hanging baskets, with their wonderful scented, cascading flowers in a superb mixture of colours. Hardy Annual.",Seed pack,"April, May",No,,Yes,,,"Outdoor Planting:
Sow seeds 0.5cm deep in flowering location When the seedlings are strong enough to handle they can be transplanted into bigger pots or trays. Do not overcrowd the plants and keep in a warm, light position. Once all chance of frost has passed the plants can be transplanted direct into your desired location outside. Harden off first.",,,,"August, July, June, May","Full sun, Pot",,,,No,,No
Yes,Sweet Pea patio mixed,"Our%20garden%2093e00b18daa6406bb774d7fac429385d/IMG_7325.jpg, Our%20garden%2093e00b18daa6406bb774d7fac429385d/IMG_7326.jpg","Annual, Flowers",No,"HARDY ANNUAL
The perfect variety for edging a border, or planting in baskets, window boxes or patio containers. Dwarf, bushy plants produce up to four waved blooms per short stem in a superb range of colours and each sweetly scented.",Seed pack,"April, December, February, January, March, November, October",Yes,,No,,,"If sowing in autumn or winter, sow 3 seeds per 7.5cm pot and place in a
cold frame where seeds will germinate and grow throughout the winter until
spring. They can then be planted into their final flowering positions in the
garden or containers.
If sowing in spring, sow as above and place the pots in a propagator or seal
inside a polythene bag and keep at å temperature around 20- 25C until the seeds germinate. This will take about 7-21 days. Do not exclude light
as this helps germination.
Caution; Seeds harmful if eaten.",,,,"August, July, June",Full sun,"Well drained, Wet",,,No,,No
Yes,Sweet Pea Scent infusion,Our%20garden%2093e00b18daa6406bb774d7fac429385d/IMG_9385.jpg,"Annual, Flowers",No,"Superb for growing up arches, trellis, obelisks and for cutting The more blooms you cut, the more they will flower
For an informal display, let them scramble through shrubs. A designer mixture made up of these unusual highly scented modern grandiflora varieties; Albutt Blue, April in Paris, Cathy, Fire & Ice, Heathcliff, Juliet and Memories. Perfect for cutting where their rich fragrance will quickly pervade into a room.",Seed pack,"February, January, March",No,,No,"April, March, May","GROWING INSTRUCTIONS: Overwinter October sown plants in cooler conditions
such as a coldframe before planting out in spring, when the ground has warmed, 23-30cm (9-12in) apart. ","SOWING INSTRUCTIONS: Soak seeds overnight in warm water before sowing 1cm
(2in) deep, 3 seeds per 7.5cm (3in) pot, in free-draining, damp, seed compost. Place in a propagator or seal container inside a polythene bag and place at 20-25°C (68-77°F) until after germination which takes 7-21 days. Do not exclude light. Spring sowings can be sown outdoors, 2.5cm (1in) deep, in drills 7.5cm (3in) apart.",,,,"August, July, June",Full sun,Wet,Pinch out the growing point once the second pair of leaves has opened. Water freely in dry weather. Remove faded flowers regularly to encourage more blooms.,,No,,No
Yes,Sweet William Kaleidoscope Mix,"Our%20garden%2093e00b18daa6406bb774d7fac429385d/IMG_7315.jpg, Our%20garden%2093e00b18daa6406bb774d7fac429385d/IMG_7316.jpg","Annual, Flowers",No,"Amazingly quick to flower in the first year from seed
Thrives in any rich, well drained soil in full sun. Highly scented.
A striking bi-colour mixture including pink, lilac and rose. Sure to create an ever-changing border as the florets change colour as the flowers mature. First
year flowering from an early sowing, or can be grown as a traditional biennial.",Seed pack,"February, January",Yes,,No,,"Transplant seedlings when large enough to handle
into trays or 7.5cm pots. Gradually acclimatise plants to cooler conditions for a few weeks before planting out after all risk of frost has passed, 30cm (12in) apart. Summer sown plants can be transplanted to their final position in the autumn to start flowering the following spring","SOWING INSTRUCTIONS: sow seed on the surface of a good, free draining, damp seed compost and lightly cover the seeds with a sprinkling of compost or vermiculite. Place in a propagator or seal container inside a polythene bag at a temperature of
18-20C until after germination which usually takes 7-21 days. Do not exclude light, as this helps germination.",,,,"August, July, June, May, September",Full shade,Well drained,,,Yes,,No
Yes,Sweetcorn Golden Gate F1,"Our%20garden%2093e00b18daa6406bb774d7fac429385d/IMG_7351.jpg, Our%20garden%2093e00b18daa6406bb774d7fac429385d/IMG_7352.jpg","Annual, Vegetable",Yes,"Quicker to establish in cooler/wetter soils
Strong root system; uniform growth; enhanced cob flavour
22cm cobs with golden kernels
Delicious sweetcorn variety which boasts dramatically improved
establishment of plants in cooler and/or wetter soils, offering gardeners the opportunity to grow sweetcorn in less than perfect soil and weather conditions. Cobs are filled to the tips with 18 to 20 rows of deliciously sweet golden kernels.",Seed pack,"April, May",Yes,,No,June,"GROWING INSTRUCTIONS: Grow on steadily and gradually harden off prior to planting out from late May, or once frost risk has passed. Grow in a block for best pollination, allowing 38cm between plants each way. For optimum performance, we suggest planting through black polythene for extra warmth. Grow in isolation from other varieties to avoid cross pollination.","SOWING INSTRUCTIONS: sow individually, 2cm deep in 5cm
pots of good seed compost to avoid root disturbance. Sow at 25C
under glass or in a propagator. Can also be sown direct outside in warm soil May to early June.",,,"August, October, September",,"Full sun, Wet","Well drained, Wet",,,No,,No
Yes,Sweetcorn Gucio,Our%20garden%2093e00b18daa6406bb774d7fac429385d/IMG_9293.jpg,Vegetable,Yes,Zea mays,Seed pack,"April, March, May",Yes,,No,"June, May",Plant out in blocks 40 cm apart into well-drained soil in a sunny position when frosts are over. Blocks planting will help pollination and cob formation.,"Sow indoors in to 9 cm pots
of seed compost, 1.5 cm deep, 2 seeds per pot. Water well.
If both seeds germinate, remove the smaller, weaker seedling.
Seedlings will usually appear after 10-14 days.",,,"August, September",,Full sun,Wet,"Keep the soil moist and weed free. Feed with a liquid Tomato fertiliser when the cobs begin to swell. Upright.
180 cm",,No,,No
Yes,Swiss Chard Celebration,"Our%20garden%2093e00b18daa6406bb774d7fac429385d/IMG_7307.jpg, Our%20garden%2093e00b18daa6406bb774d7fac429385d/IMG_7308.jpg","Annual, Vegetable",Yes,"Perfect Swiss Chard selection for the home gardener
Use immature leaves in salads and mature leaves like spinach
Stems and leaves are tasty and packed with nutrients
A truly magnificent ornamental edible! Colourful stems bear gently savoyed leaves in green and burgundy which are delicious and nutritious eaten young and raw, or mature and steamed along with the stems. Can be grown in large containers where the colours can be fully appreciated!",Seed pack,"April, August, July, June, March, May, September",No,,Yes,,,"SOWING INSTRUCTIONS: sow seed thinly, 1cm deep, in drills 30cm apart.
GROWING INSTRUCTIONS: Thin seedlings to 23cm (9in) apart when large enough to handle; thinnings are suitable for using in salads. Harvest stems as
required picking only a few from each plant.",,,"August, December, July, November, October, September",,"Full sun, Part shade",,,,No,,No
No,Tarragon Russian,Our%20garden%2093e00b18daa6406bb774d7fac429385d/IMG_9314.jpg,Herb,Yes,"Artemisia dracunculus
A very easy to grow variety producing an abundance of leaves great for flavouring vinegars, pickles and sauces, ideal in salads to.",Seed pack,"April, March, May",No,,No,,"Growing On:
When the seedlings are strong enough to handle they can be transplanted into bigger pots or trays. Do not overcrowd the plants and keep in a warm, light position. Once all chance of frost has passed the plants can be transplanted direct into your desired cation. Harden off first.
Alternatively, for all year round supply, sow indoors in pots.","Indoor Planting:
Sprinkle seeds thinly on the surface of trays of moist compost and cover lightly, be careful not to over-water. Store in a warm place at an approx. temperature of 20-25°c (70-75°f). It is a good idea to cover with a clear plastic bag until the seeds germinate. Once the seedlings appear, remove the plastic.",,,"August, July, June, May, October, September",,,,,,No,,No
Yes,Thyme,"Our%20garden%2093e00b18daa6406bb774d7fac429385d/IMG_7353.jpg, Our%20garden%2093e00b18daa6406bb774d7fac429385d/IMG_7354.jpg","Herb, Perennial",Yes,"A hardy shrub, often evergreen, the strong flavour
is delicious when combined with all types of
robust meat and vegetable dishes.",Seed pack,"April, February, March, May",Yes,,No,,"When large enough transplant 5cm apart
in further trays. Acclimatise to outside
conditions. Stand outside for a few days
(avoid frosts). Transplant to final position
spacing 25cm apart, in a warm sunny
position in well drained soil","In trays o seed compost
Sow thinly, cover lightly with fine compost
Firm gently. Keep at 15-20C and keep
moist. Seedlings appear 21-35 days",,,"April, August, July, June, March, May, November, October, September",,Full sun,Well drained,"Cloche protection from autumn gives longer cropping. If they
are to be dried, gather them just before the
flowers begin to open. Transfer a plant to a pot on the windowsill
in winter for easier picking",,No,,No
Yes,Tomato 'Giant Delicious' mari mari,Our%20garden%2093e00b18daa6406bb774d7fac429385d/83B484E4-355B-42DA-A209-CF4CDD7E9333.jpeg,"Annual, Vegetable",Yes,"Solanum lycopersicum 'Delicious' ('Red Delicious')
• Cordon (Vine) Tomato.
• Huge Beefsteak fruits are filled with juicy meaty flesh.
• One slice will fill a sandwich.
• Suitable for protected and outdoor growing.
• Open pollinated heritage (heirloom) variety.","Seed pack, Seed tray - indoors","February, March",Yes,"February 24, 2024",No,,,"Tomato seed is easy to germinate and grow on provided you practise good hygiene, use the freshest possible seed compost, and keep a careful eye on temperature, watering and light. Sow the seed thinly onto gently firmed trays or pots of compost – about ten seeds to a 3½"" (9 cm) pot, or a couple of hundred seeds to a standard seed tray (you can divide up the tray to sow a number of varieties if you wish). Cover the seed with a layer of vermiculite or sieved fresh seed compost roughly as thick as the seeds themselves.
Water the trays or pots and stand them somewhere warm and in good light. A constant temperature of 64-77°F (18-25°C) is perfect, so if you have a heated propagator that is ideal; alternatively, a warm windowsill will be fine. Avoid putting the tray or pot in a plastic bag as this can create excessive humidity and the possibility of fungal problems. Keep the compost just moist but never soggy. At a temperature of 75°F (24°C) seeds should germinate within five to ten days; a cooler temperature will slow down germination, and below 50°F (10°C) the seeds will probably not germinate at all.
Once the seeds have germinated, keep a very close eye on them as the seedlings can turn leggy very quickly. Provide as much light as you possibly can and grow the seedlings on at a reduced temperature of around 65°F (18°C). If you are growing them on a windowsill or using a similar uni-directional light source you will need to turn the growing container several times a day to ensure that the seedlings do not grow towards the light. Watering is also important – too much water and you will produce weak, leggy seedlings. It is better to let the compost all but dry out before watering again rather than keeping the compost at a 'steady moist'. Once the seedlings have produced their first true leaves (that is, the first set of leaves after the seedling leaves) prick out (transplant) your seedlings into modules or small pots. As with all seedlings, hold them by their leaves rather than their stems when pricking out. If the seedlings are a little leggy you can set them deeper to shorten the height of the seedling, as tomato seedlings will stem-root.",,,,,,,"• This is an indeterminate variety and best grown as a cordon (vine).
• Support of the developing crop with strings, canes or similar will be essential!
• For best yields stop at 3rd or 4th truss if growing under protection (2nd or 3rd outside).
• Whilst the best crops will be grown under protection, this variety can also be grown outside.",,No,https://www.victoriananursery.co.uk/Tomato-Seed-Giant-Delicious/,No
No,Tomato Black cherry,Our%20garden%2093e00b18daa6406bb774d7fac429385d/37ABBE95-C821-453A-AE96-2F29AE670FFC.jpeg,"Annual, Vegetable",Yes,Solanumlycopersicum'Black Cherry' A cordon cherry tomato suitable for growing in a greenhouse or outdoors. It produces plentiful crops of small dark purple/red cherry tomatoes which are great for salads.,Seed pack,"February, March",Yes,,No,May,"When growing in a heated glasshouse tomato plants may be transplanted at the end of May or when the first flowers are showing, if earlier. Allow 3 plants per growbag, or one per 25cm (10"") pot, or plant tomatoes directly into the greenhouse soil.","Sow seeds on the surface of a good, free-draining, damp, seed sowing mix and cover with a fine sprinkling of compost or vermiculite. Place seed trays in a propagator at a constant temperature of around 15-20C (59-68F) until after germination, which takes 7-14 days. When seedlings gain 2 true leaves, transplant into individual 7.5cm (3"") pots of compost and grow on at a minimum temperature of 15C (59F).",,"Remove all side shoots as they appear. Pinch the growing tip when the plant has formed seven trusses under cover or four trusses outdoors. Tie the main stems to their supports and remove any sideshoots that develop between the main stem and the leaf stems. Once the plant has produced 6 or 7 trusses, pinch out the top of the main stem. This process of ""sideshooting"" and ""stopping"" will increase the availability of light and air movement around the developing fruit, and focus the plants energy on producing a good crop of high quality tomatoes.","August, July, September",,,,"Water tomato plants frequently, to keep the compost evenly moist. Feed tomatoes regularly with a high potash plant food once the first truss of fruit has formed.",,No,,No
No,Tomato Cherry Cerise,Our%20garden%2093e00b18daa6406bb774d7fac429385d/IMG_9363.jpg,Vegetable,Yes,"Solanum lycopersicum 
The smallest variety, producing sweet tasting red tomatoes. Delicious eaten raw or cooked, very popular with children.",Seed pack,"April, March",No,,No,"April, June, May",The plants can be moved to an unheated glasshouse in April or hardened off and planted out from June.,"Indoor Planting:
Sow seeds 1.5cm deep in pots or trays of moist compost, be careful not to over-water. Store in a warm location at an approx. temperature of 18°c (65°f). When the seedlings are approx. 6"" high, transfer to larger pots and reduce the temperature to 16°c (60°f).",,,"August, July, June, October, September",,,,"Support the plants when needed.
Harvest
Limit each plant to 4-5 trusses and pinch out the sideshoots. Feed regularly with a tomato feed.",,No,,No
Yes,Tomato Crimson crush F1,"Our%20garden%2093e00b18daa6406bb774d7fac429385d/IMG_7386.jpg, Our%20garden%2093e00b18daa6406bb774d7fac429385d/IMG_7387.jpg","Annual, Vegetable",Yes,"Cordon (upright growing) variety
Bred in the UK for outdoor conditions
Exceptional tasting, large tomatoes",Seed tray - indoors,"April, March",Yes,"February 24, 2024",No,"June, May","Grow on, finally planting into large pots, grow bags or direct into the greenhouse border; or outdoors 45cm (18"") apart when frost risk has passed. Feed regularly and sideshoot as necessary. Sowing —+ Cropping — 17-19 weeks.","Sow March/April for greenhouse growing (or April for
outdoors) in a propagator on a windowsill or pots or trays
in a greenhouse at 18-21 oc (65-700F) using a quality compost.
Cover seeds with 6mm (1/4"") sieved compost (Germination 8-12 days). Transplant seedlings singly into 75mm 3"" pots.",,,"August, July, October, September",,Full sun,Well drained,,,No,,No
No,Tomato Golden Sunrise,Our%20garden%2093e00b18daa6406bb774d7fac429385d/IMG_9371.jpg,Vegetable,Yes,"Solanum lycopersicum
Add a splash of colour to your salads with these sweet tasting, yellow medium sized tomatoes.",Seed pack,"April, February, March",No,,No,April,"The plants can be moved to an unheated glasshouse in April or hardened off and planted out from June. Choose a sheltered position in full sun and transplant at a distance of 60cm (24"") apart.","Indoor Planting:
Sow seeds 1.5cm deep in pots or trays of moist compost, be careful not to over-water. Store in a warm location at an approx. temperature of 15-20°c (59-68°).
When the seedlings are approx. 6"" high, transfer to larger pots.",,,"August, July, June, September",,Full sun,Well drained,"Support the plants when needed. Limit each plant to 4-5 trusses and pinch out the sideshoots.
Feed regularly with a tomato feed.",,No,,Yes
Yes,Tomato minibel (patio/pots),"Our%20garden%2093e00b18daa6406bb774d7fac429385d/IMG_7473.jpg, Our%20garden%2093e00b18daa6406bb774d7fac429385d/IMG_7474.jpg","Annual, Vegetable",Yes,"Small cherry tomatoes with an irresistable, sweet
flavour. Compact plants, ideal for pots and hanging
baskets. Determinate type, requires no support.","Seed pack, Seed tray - indoors","April, March",Yes,"February 24, 2024",No,"June, May","Stand outside for a few days late May
(avoid frosts). Plant out to containers at
least 20cm in diameter, hanging baskets
or grow bags. Space plants grown in the
garden 45cm apart
Plants grown in soil or grow bags may
require some support. Keep moist and
weed free","In pots or trays of seed compost
Sow thinly, cover with a fine layer of
compost. Firm gently and keep moist
Cover with glass, polythene or a
propagator lid. Keep at approx. 15-20<
Seedlings appear 7-14 days
Remove cover when seedlings appear
Transplant to individual pots when 10cm tall. Grow on at approx 15C",,,"August, October, September",,Full sun,Well drained,"Apply a liquid feed every 2-3 weeks when
first trusses have set",,No,,No
No,Tomato Roma,Our%20garden%2093e00b18daa6406bb774d7fac429385d/IMG_9373.jpg,Vegetable,Yes,"Solanum lycopersicum
Heavy cropping, delicious plum shaped tomatoes excellent for soups, tomato juice, ketchup or just eating cold. Very thick and juicy!",Seed pack,"April, March",No,,No,April,"The plants can be moved to an unheated glasshouse in April or hardened off and planted out from June. Choose a sheltered position, with a well drained soil. Transplant at a distance of 24""/60cm apart.","Indoor Planting:
Sow seeds 1.5cm deep in pots or trays of moist compost, be careful not to over-water. Store in a warm location at an approx. temperature of 18°c (55°f). When the seedlings are approx. 6"" high transfer to larger pots and reduce the temperature to 16°c (60°f)",,,"August, July, June, October, September",,Full sun,Well drained,Support the plants when needed and feed regularly with a tomato feed.,,No,,Yes